App;Category;Rating;Reviews;Size;Installs;Type;Price;Content Rating;Genres;Last Updated;Current Ver;Android Ver
10 Best Foods for You;HEALTH_AND_FITNESS;40;2490;3.8M;500,000+;Free;0;Everyone 10+;Health & Fitness;17.02.2017;1.9;2.3.3 and up
10 Best Foods for You;HEALTH_AND_FITNESS;40;2490;3.8M;500,000+;Free;0;Everyone 10+;Health & Fitness;17.02.2017;1.9;2.3.3 and up
21-Day Meditation Experience;HEALTH_AND_FITNESS;44;11506;15M;100,000+;Free;0;Everyone;Health & Fitness;02.08.2018;3.0.0;4.1 and up
21-Day Meditation Experience;HEALTH_AND_FITNESS;44;11506;15M;100,000+;Free;0;Everyone;Health & Fitness;02.08.2018;3.0.0;4.1 and up
30 Day Ab Challenge;HEALTH_AND_FITNESS;45;1886;7.6M;500,000+;Free;0;Everyone;Health & Fitness;21.06.2016;3.2.1;4.0 and up
30 Day AB Challenge - Lumowell;HEALTH_AND_FITNESS;48;793;40M;10,000+;Free;0;Everyone;Health & Fitness;15.09.2016;1.0.3;4.0.3 and up
30 Day Ab Challenge FREE;HEALTH_AND_FITNESS;43;48253;Varies with device;1,000,000+;Free;0;Everyone;Health & Fitness;13.12.2017;Varies with device;Varies with device
30 Day Fitness Challenge - Workout at Home;HEALTH_AND_FITNESS;48;471036;Varies with device;10,000,000+;Free;0;Everyone;Health & Fitness;03.08.2018;Varies with device;4.0 and up
30-Day Ab Challenge Tracker;HEALTH_AND_FITNESS;35;224;371k;10,000+;Free;0;Everyone;Health & Fitness;09.07.2014;1.2.6;4.1 and up
5 Minute Ab Workouts;HEALTH_AND_FITNESS;46;2067;8.4M;50,000+;Free;0;Everyone;Health & Fitness;18.05.2018;2.0.4;4.1 and up
6 Pack Promise - Ultimate Abs;HEALTH_AND_FITNESS;46;18921;Varies with device;1,000,000+;Free;0;Everyone;Health & Fitness;04.08.2018;Varies with device;Varies with device
7 Cups: Anxiety & Stress Chat;HEALTH_AND_FITNESS;42;13799;Varies with device;500,000+;Free;0;Teen;Health & Fitness;31.07.2018;Varies with device;Varies with device
7 minute abs workout - Daily Ab Workout;HEALTH_AND_FITNESS;48;527;23M;100,000+;Free;0;Everyone;Health & Fitness;30.03.2018;2.01;4.1 and up
7 Minute Workout;HEALTH_AND_FITNESS;45;399009;Varies with device;10,000,000+;Free;0;Everyone;Health & Fitness;08.06.2018;Varies with device;Varies with device
8fit Workouts & Meal Planner;HEALTH_AND_FITNESS;46;115721;67M;10,000,000+;Free;0;Everyone;Health & Fitness;11.07.2018;3.5.0;5.0 and up
8fit Workouts & Meal Planner;HEALTH_AND_FITNESS;46;115721;67M;10,000,000+;Free;0;Everyone;Health & Fitness;11.07.2018;3.5.0;5.0 and up
AB Mobile App;HEALTH_AND_FITNESS;34;2105;8.2M;100,000+;Free;0;Everyone;Health & Fitness;21.08.2017;2.1.0;4.0.3 and up
Ab Workouts;HEALTH_AND_FITNESS;41;27501;7M;1,000,000+;Free;0;Everyone;Health & Fitness;05.01.2018;5.1.9;4.0 and up
Ab Workouts - Ab Generator;HEALTH_AND_FITNESS;47;21;3.8M;1,000+;Free;0;Everyone;Health & Fitness;31.12.2016;2.0.0;4.1 and up
Abs Training-Burn belly fat;HEALTH_AND_FITNESS;47;2071;6.9M;100,000+;Free;0;Everyone;Health & Fitness;24.07.2018;1.0.12;4.1 and up
Abs workout - 21 Day Fitness Challenge;HEALTH_AND_FITNESS;48;18604;15M;1,000,000+;Free;0;Everyone;Health & Fitness;02.05.2018;1.0.0.9;4.1 and up
Abs Workout - 30 Days Fitness App for Six Pack Abs;HEALTH_AND_FITNESS;46;299;11M;100,000+;Free;0;Everyone;Health & Fitness;03.08.2018;1.3.8;4.4 and up
ABS Workout - Belly workout, 30 days AB;HEALTH_AND_FITNESS;48;5103;Varies with device;100,000+;Free;0;Everyone;Health & Fitness;13.07.2018;2.0.5;4.0.3 and up
Abs Workout - Burn Belly Fat with No Equipment;HEALTH_AND_FITNESS;48;69279;10M;10,000,000+;Free;0;Everyone;Health & Fitness;23.07.2018;1.1.8;4.2 and up
Abs workout 7 minutes;HEALTH_AND_FITNESS;46;37224;Varies with device;1,000,000+;Free;0;Everyone;Health & Fitness;13.06.2018;Varies with device;Varies with device
Abs, Core & Back Workout Challenge;HEALTH_AND_FITNESS;48;3908;33M;100,000+;Free;0;Everyone;Health & Fitness;09.07.2018;1.5.8;4.1 and up
AF Hydro;HEALTH_AND_FITNESS;20;136;15M;10,000+;Free;0;Everyone;Health & Fitness;12.05.2018;1.0.5;4.4 and up
AF Nutrition - Integratori;HEALTH_AND_FITNESS;1;6;19M;0,100+;Free;0;Everyone;Health & Fitness;02.08.2018;1.3;4.1 and up
AH Connect (Adventist Health);HEALTH_AND_FITNESS;34;5;59M;1,000+;Free;0;Everyone;Health & Fitness;23.01.2018;3.5.1;4.4 and up
All-night drugstore CI & Price;HEALTH_AND_FITNESS;1;0;5.1M;0,010+;Paid;6,23;Everyone;Health & Fitness;27.11.2017;3.0.2.0;1.6 and up
AllTrails: Hiking, Running & Mountain Bike Trails;HEALTH_AND_FITNESS;43;16943;32M;1,000,000+;Free;0;Everyone;Health & Fitness;30.07.2018;8.8.14;4.4 and up
AQ Dentals;HEALTH_AND_FITNESS;1;0;12M;0,010+;Free;0;Everyone;Health & Fitness;22.12.2017;1.0.1;4.1 and up
Aunjai i lert u;HEALTH_AND_FITNESS;42;1140;5.5M;500,000+;Free;0;Teen;Health & Fitness;10.01.2017;1.5;3.0 and up
AY Oakmont;HEALTH_AND_FITNESS;1;0;11M;0,010+;Free;0;Everyone;Health & Fitness;09.07.2018;4.2.2;4.1 and up
BA Accesible;HEALTH_AND_FITNESS;1;31;4.7M;1,000+;Free;0;Everyone;Health & Fitness;19.07.2016;0.0.1;4.1 and up
Bacteria Vaginosis;HEALTH_AND_FITNESS;40;4015;7.7M;1,000,000+;Free;0;Mature 17+;Health & Fitness;27.04.2017;6.0;3.0 and up
Bacterial Vaginosis;HEALTH_AND_FITNESS;1;1;4.9M;0,100+;Free;0;Everyone;Health & Fitness;21.02.2018;1.2;4.0 and up
Bacterial vaginosis Treatment - Sexual disease;HEALTH_AND_FITNESS;50;2;5.9M;0,500+;Free;0;Everyone;Health & Fitness;25.06.2018;2.0;4.0.3 and up
Bacterial Vaginosis ????;HEALTH_AND_FITNESS;1;1;3.5M;0,500+;Free;0;Teen;Health & Fitness;01.11.2017;1.1;2.3 and up
BD Provider App;HEALTH_AND_FITNESS;14;45;13M;5,000+;Free;0;Everyone;Health & Fitness;12.09.2016;1.0;4.1 and up
Be Stronger;HEALTH_AND_FITNESS;48;787;53M;1,000+;Paid;9;Everyone;Health & Fitness;31.07.2018;1.4.7;4.0.3 and up
be'ah;HEALTH_AND_FITNESS;1;5;5.7M;0,010+;Free;0;Everyone;Health & Fitness;28.03.2018;1.0;2.3 and up
Benefit Extras Mobile App;HEALTH_AND_FITNESS;23;3;2.4M;1,000+;Free;0;Everyone;Health & Fitness;18.07.2018;6.0;5.0 and up
Best Ovulation Tracker Fertility Calendar App Glow;HEALTH_AND_FITNESS;46;56145;23M;1,000,000+;Free;0;Everyone;Health & Fitness;01.08.2018;7.3.4-play;5.0 and up
BetterMe: Weight Loss Workouts;HEALTH_AND_FITNESS;42;14709;15M;5,000,000+;Free;0;Everyone;Health & Fitness;26.07.2018;2.8.2;5.0 and up
BF Scale Health Fitness Tool;HEALTH_AND_FITNESS;22;19;9.6M;1,000+;Free;0;Everyone;Health & Fitness;29.11.2017;2.1;4.3 and up
BH - Fitness & Nutrition;HEALTH_AND_FITNESS;1;0;43M;0,001+;Free;0;Everyone;Health & Fitness;04.07.2018;4.3.6;4.1 and up
BH by Kinomap;HEALTH_AND_FITNESS;29;141;22M;10,000+;Free;0;Everyone;Health & Fitness;30.07.2018;3.2.9;4.1 and up
Bike Computer - GPS Cycling Tracker;HEALTH_AND_FITNESS;44;12029;4.3M;1,000,000+;Free;0;Everyone;Health & Fitness;04.08.2018;2.6;4.2 and up
Binaural Beats Therapy;HEALTH_AND_FITNESS;43;13724;Varies with device;1,000,000+;Free;0;Everyone;Health & Fitness;17.08.2017;Varies with device;Varies with device
BL ONLINE PERSONAL TRAINING;HEALTH_AND_FITNESS;1;0;41M;0,005+;Free;0;Everyone;Health & Fitness;29.08.2017;BL ONLINE PERSONAL TRAINING 7.9.0;4.1 and up
Blood Glucose Tracker;HEALTH_AND_FITNESS;46;9612;3.5M;100,000+;Free;0;Everyone;Health & Fitness;18.05.2018;1.8.12;4.4 and up
Blood pressure;HEALTH_AND_FITNESS;34;2256;1.6M;500,000+;Free;0;Everyone;Health & Fitness;31.07.2014;1.1.0;4.0 and up
BM Pharmacy;HEALTH_AND_FITNESS;49;42;18M;1,000+;Free;0;Everyone;Health & Fitness;11.06.2018;1.5.12;4.1 and up
BM Physiotherapy Clinic;HEALTH_AND_FITNESS;50;3;9.3M;0,100+;Free;0;Everyone;Health & Fitness;09.10.2017;0.0.1;4.1 and up
Bodyworks DW;HEALTH_AND_FITNESS;1;0;10M;0,010+;Free;0;Everyone;Health & Fitness;09.07.2018;4.2.2;4.1 and up
BP Toolbox;HEALTH_AND_FITNESS;21;32;9.6M;1,000+;Free;0;Everyone;Health & Fitness;22.05.2018;5.9;4.3 and up
BP Tracker;HEALTH_AND_FITNESS;43;12;613k;1,000+;Free;0;Everyone;Health & Fitness;20.02.2016;1.0.0;5.0 and up
Brain Waves - Binaural Beats;HEALTH_AND_FITNESS;44;5038;10M;500,000+;Free;0;Everyone;Health & Fitness;15.07.2018;5.2;4.4 and up
Burn Your Fat With Me! FG;HEALTH_AND_FITNESS;45;38487;60M;1,000,000+;Free;0;Teen;Health & Fitness;03.07.2018;5.1.0;4.1 and up
Buttocks and Abdomen;HEALTH_AND_FITNESS;44;465;6.4M;500,000+;Free;0;Everyone;Health & Fitness;07.06.2018;1.08;4.0.3 and up
C B Patel Health Club;HEALTH_AND_FITNESS;50;5;14M;0,100+;Free;0;Everyone;Health & Fitness;02.07.2018;1.0.1;4.4 and up
CALIOPE EU: Air Quality;HEALTH_AND_FITNESS;39;21;2.2M;1,000+;Free;0;Everyone;Health & Fitness;30.10.2015;1.1.2;4.0 and up
Calm - Meditate, Sleep, Relax;HEALTH_AND_FITNESS;46;111450;Varies with device;5,000,000+;Free;0;Everyone;Health & Fitness;05.08.2018;Varies with device;Varies with device
Calm - Meditate, Sleep, Relax;HEALTH_AND_FITNESS;46;111455;Varies with device;5,000,000+;Free;0;Everyone;Health & Fitness;05.08.2018;Varies with device;Varies with device
Calorie Counter - EasyFit free;HEALTH_AND_FITNESS;47;50294;11M;1,000,000+;Free;0;Everyone;Health & Fitness;09.07.2018;3.0.7;4.1 and up
Calorie Counter - Macros;HEALTH_AND_FITNESS;40;3061;5.5M;100,000+;Free;0;Everyone;Health & Fitness;27.08.2016;2.3.4;5.0 and up
Calorie Counter - Macros;HEALTH_AND_FITNESS;40;3061;5.5M;100,000+;Free;0;Everyone;Health & Fitness;27.08.2016;2.3.4;5.0 and up
Calorie Counter - MyFitnessPal;HEALTH_AND_FITNESS;46;1873516;Varies with device;50,000,000+;Free;0;Everyone;Health & Fitness;31.07.2018;Varies with device;Varies with device
Calorie Counter - MyFitnessPal;HEALTH_AND_FITNESS;46;1873523;Varies with device;50,000,000+;Free;0;Everyone;Health & Fitness;31.07.2018;Varies with device;Varies with device
Calorie Counter - MyFitnessPal;HEALTH_AND_FITNESS;46;1873520;Varies with device;50,000,000+;Free;0;Everyone;Health & Fitness;31.07.2018;Varies with device;Varies with device
Calorie Counter - MyFitnessPal;HEALTH_AND_FITNESS;46;1873520;Varies with device;50,000,000+;Free;0;Everyone;Health & Fitness;31.07.2018;Varies with device;Varies with device
Calorie Counter - MyFitnessPal;HEALTH_AND_FITNESS;46;1873523;Varies with device;50,000,000+;Free;0;Everyone;Health & Fitness;31.07.2018;Varies with device;Varies with device
Calorie Counter - MyNetDiary;HEALTH_AND_FITNESS;45;27439;19M;1,000,000+;Free;0;Everyone;Health & Fitness;16.07.2018;6.5.1;5.0 and up
Calorie Counter - MyNetDiary;HEALTH_AND_FITNESS;45;27439;19M;1,000,000+;Free;0;Everyone;Health & Fitness;16.07.2018;6.5.1;5.0 and up
Calorie Counter & Diet Tracker;HEALTH_AND_FITNESS;45;32606;Varies with device;1,000,000+;Free;0;Everyone;Health & Fitness;22.03.2018;Varies with device;Varies with device
Calorie Counter & Diet Tracker;HEALTH_AND_FITNESS;45;32606;Varies with device;1,000,000+;Free;0;Everyone;Health & Fitness;22.03.2018;Varies with device;Varies with device
Calorie Counter by FatSecret;HEALTH_AND_FITNESS;44;229210;Varies with device;10,000,000+;Free;0;Everyone;Health & Fitness;31.07.2018;Varies with device;Varies with device
Calorie Counter by FatSecret;HEALTH_AND_FITNESS;44;229214;Varies with device;10,000,000+;Free;0;Everyone;Health & Fitness;31.07.2018;Varies with device;Varies with device
CampGladiator;HEALTH_AND_FITNESS;35;293;19M;50,000+;Free;0;Everyone;Health & Fitness;20.07.2018;2.4.43;4.1 and up
Casa CF;HEALTH_AND_FITNESS;47;12;6.3M;0,500+;Free;0;Everyone;Health & Fitness;12.07.2018;3.1.2;4.1 and up
CB Fit;HEALTH_AND_FITNESS;50;1;7.8M;0,010+;Free;0;Everyone;Health & Fitness;09.07.2018;4.2.2;4.1 and up
CB Martial Arts;HEALTH_AND_FITNESS;1;0;8.7M;0,010+;Free;0;Everyone;Health & Fitness;15.05.2018;1.1.7;4.1 and up
CB NFC Pendant;HEALTH_AND_FITNESS;1;0;913k;0,050+;Free;0;Everyone;Health & Fitness;04.10.2017;1.0.2;4.1 and up
CF Etowah;HEALTH_AND_FITNESS;1;0;8.8M;0,100+;Free;0;Everyone;Health & Fitness;09.07.2018;4.2.2;4.1 and up
CF Riga;HEALTH_AND_FITNESS;1;12;11M;0,100+;Free;0;Everyone;Health & Fitness;09.07.2018;4.2.2;4.1 and up
CF SPOT;HEALTH_AND_FITNESS;1;0;9.7M;0,100+;Free;0;Everyone;Health & Fitness;09.07.2018;4.2.2;4.1 and up
CF Talenti;HEALTH_AND_FITNESS;1;4;7.8M;0,100+;Free;0;Everyone;Health & Fitness;09.07.2018;4.2.2;4.1 and up
CF Themis;HEALTH_AND_FITNESS;1;0;8.5M;0,100+;Free;0;Everyone;Health & Fitness;12.07.2018;3.1.2;4.1 and up
CF Townsville;HEALTH_AND_FITNESS;50;4;14M;0,100+;Free;0;Everyone;Health & Fitness;09.07.2018;4.2.2;4.1 and up
CG Fit Scale;HEALTH_AND_FITNESS;26;13;3.3M;1,000+;Free;0;Everyone;Health & Fitness;13.10.2015;1.1.4;4.0 and up
CJ Fitness;HEALTH_AND_FITNESS;24;221;43M;10,000+;Free;0;Everyone;Health & Fitness;14.02.2018;4.3.0;4.1 and up
CK Active;HEALTH_AND_FITNESS;1;0;9.7M;0,010+;Free;0;Everyone;Health & Fitness;27.02.2018;3.0.6;4.0 and up
CK Life;HEALTH_AND_FITNESS;1;3;60M;0,100+;Free;0;Teen;Health & Fitness;02.08.2018;2.0.0;4.4 and up
CK Pharmacies;HEALTH_AND_FITNESS;27;3;9.4M;0,100+;Free;0;Everyone 10+;Health & Fitness;28.06.2018;7.4.8;4.0.3 and up
CK SKILLZ;HEALTH_AND_FITNESS;1;0;8.6M;0,050+;Free;0;Everyone;Health & Fitness;15.05.2018;1.1.7;4.1 and up
CL Strength;HEALTH_AND_FITNESS;50;3;40M;0,050+;Free;0;Everyone;Health & Fitness;27.06.2018;CL Strength 7.12.1;4.1 and up
CL-Customer Care;HEALTH_AND_FITNESS;1;2;6.8M;0,005+;Free;0;Everyone;Health & Fitness;14.06.2018;1.3;4.0.3 and up
Cloud DX Connected Health;HEALTH_AND_FITNESS;50;6;11M;0,100+;Free;0;Everyone;Health & Fitness;19.07.2017;1.7.10713 (281);4.4 and up
Couch to 10K Running Trainer;HEALTH_AND_FITNESS;46;10445;48M;500,000+;Free;0;Everyone;Health & Fitness;02.07.2018;112.0;4.4 and up
Couch to 5K by RunDouble;HEALTH_AND_FITNESS;47;15674;6.1M;1,000,000+;Free;0;Everyone;Health & Fitness;31.07.2018;4.5.4;4.1 and up
cronometer (ad free);HEALTH_AND_FITNESS;39;1075;8.3M;50,000+;Paid;4,1;Everyone;Health & Fitness;13.07.2018;2.1.2;4.4 and up
Cures A-Z;HEALTH_AND_FITNESS;40;265;4.1M;100,000+;Free;0;Everyone;Health & Fitness;13.08.2015;2.1;3.0 and up
Cycling - Bike Tracker;HEALTH_AND_FITNESS;45;9116;4M;500,000+;Free;0;Everyone;Health & Fitness;30.07.2018;1.1.22;4.1 and up
Cy's Elma Pharmacy;HEALTH_AND_FITNESS;1;0;9.4M;0,010+;Free;0;Everyone 10+;Health & Fitness;28.06.2018;7.4.8;4.0.3 and up
Cystic Fibrosis Symptoms, Doctors & Treatments;HEALTH_AND_FITNESS;47;6;9.7M;0,100+;Free;0;Teen;Health & Fitness;24.04.2018;1.0.7;5.0 and up
D.W Bien �tre;HEALTH_AND_FITNESS;1;0;40M;0,010+;Free;0;Everyone;Health & Fitness;06.04.2016;1.0;2.3 and up
Daily Ab Workout;HEALTH_AND_FITNESS;46;2901;Varies with device;50,000+;Paid;3,7;Everyone;Health & Fitness;14.06.2018;Varies with device;Varies with device
Daily Ab Workout - Core & Abs Fitness Exercises;HEALTH_AND_FITNESS;44;44939;Varies with device;10,000,000+;Free;0;Everyone;Health & Fitness;14.06.2018;Varies with device;Varies with device
Daily Workouts - Exercise Fitness Routine Trainer;HEALTH_AND_FITNESS;44;134195;Varies with device;10,000,000+;Free;0;Everyone;Health & Fitness;14.06.2018;Varies with device;Varies with device
Daily Yoga - Yoga Fitness Plans;HEALTH_AND_FITNESS;44;70769;35M;5,000,000+;Free;0;Everyone;Health & Fitness;24.07.2018;6.2.73;4.0 and up
Daily Yoga - Yoga Fitness Plans;HEALTH_AND_FITNESS;44;70769;35M;5,000,000+;Free;0;Everyone;Health & Fitness;24.07.2018;6.2.73;4.0 and up
Daily Yoga - Yoga Fitness Plans;HEALTH_AND_FITNESS;44;70769;35M;5,000,000+;Free;0;Everyone;Health & Fitness;24.07.2018;6.2.73;4.0 and up
Deep Breathe BP;HEALTH_AND_FITNESS;39;26;12M;1,000+;Free;0;Everyone;Health & Fitness;09.06.2018;1.0;4.1 and up
DEM DZ;HEALTH_AND_FITNESS;1;2;957k;0,100+;Free;0;Teen;Health & Fitness;13.11.2017;1.0;2.3.3 and up
DG Fitness;HEALTH_AND_FITNESS;48;6;14M;0,100+;Free;0;Everyone;Health & Fitness;23.03.2018;7.7.3;4.1 and up
DG Xplained;HEALTH_AND_FITNESS;1;1;12M;0,100+;Free;0;Everyone;Health & Fitness;02.05.2018;1.0.3;4.1 and up
Down Dog: Great Yoga Anywhere;HEALTH_AND_FITNESS;49;28945;12M;500,000+;Free;0;Teen;Health & Fitness;17.05.2018;2.6.1;4.2 and up
Dr. McDougall Mobile Cookbook;HEALTH_AND_FITNESS;38;76;1.2M;1,000+;Paid;8,24;Everyone;Health & Fitness;26.01.2015;1.1;2.2 and up
Dr. Muscle;HEALTH_AND_FITNESS;40;87;33M;10,000+;Free;0;Everyone;Health & Fitness;28.07.2018;2.5;4.0.3 and up
Dream EZ;HEALTH_AND_FITNESS;41;107;50M;10,000+;Free;0;Everyone;Health & Fitness;24.03.2016;1.0.0;3.0 and up
DS Companion;HEALTH_AND_FITNESS;1;0;4.6M;0,050+;Free;0;Everyone;Health & Fitness;03.11.2017;1.7;4.4 and up
DT NO.I;HEALTH_AND_FITNESS;24;44;49M;1,000+;Free;0;Everyone;Health & Fitness;01.08.2018;V1.0.1;4.3 and up
Dt. Jyothi Srinivas;HEALTH_AND_FITNESS;50;18;13M;0,100+;Free;0;Everyone;Health & Fitness;06.02.2018;1.0.6;4.1 and up
DY Fitness;HEALTH_AND_FITNESS;1;0;43M;0,010+;Free;0;Everyone;Health & Fitness;06.08.2018;4.4.1;4.1 and up
Eat Fit - Diet and Health Free;HEALTH_AND_FITNESS;41;2469;3.6M;100,000+;Free;0;Everyone;Health & Fitness;23.07.2014;1.0.9;2.3 and up
Eat Right Diet (by Dt Shreya's Family Diet Clinic);HEALTH_AND_FITNESS;1;0;12M;0,010+;Free;0;Everyone;Health & Fitness;07.08.2018;1.0.7;5.0 and up
Eb & flow Yoga Studio;HEALTH_AND_FITNESS;1;0;7.3M;0,010+;Free;0;Everyone;Health & Fitness;09.07.2018;4.2.2;4.1 and up
EF Academy;HEALTH_AND_FITNESS;50;4;15M;0,050+;Free;0;Everyone;Health & Fitness;23.03.2018;7.7.3;4.1 and up
EF Coach;HEALTH_AND_FITNESS;48;17;14M;0,500+;Free;0;Everyone;Health & Fitness;12.03.2018;1.1.1;4.4 and up
Endomondo - Running & Walking;HEALTH_AND_FITNESS;45;559186;Varies with device;10,000,000+;Free;0;Everyone;Health & Fitness;11.07.2018;Varies with device;Varies with device
Endomondo - Running & Walking;HEALTH_AND_FITNESS;45;559262;Varies with device;10,000,000+;Free;0;Everyone;Health & Fitness;11.07.2018;Varies with device;Varies with device
EO App. SelfCompassion to you;HEALTH_AND_FITNESS;1;1;Varies with device;0,100+;Free;0;Everyone;Health & Fitness;12.09.2015;Varies with device;Varies with device
EO Guide;HEALTH_AND_FITNESS;1;15;24M;1,000+;Paid;3,64;Everyone;Health & Fitness;23.07.2018;1.0.4;4.1 and up
Eve Period Tracker - Love, Sex & Relationships App;HEALTH_AND_FITNESS;46;20326;28M;1,000,000+;Free;0;Teen;Health & Fitness;04.08.2018;2.9.18;4.1 and up
Evolution Marketing CR;HEALTH_AND_FITNESS;1;14;1.3M;1,000+;Free;0;Everyone;Health & Fitness;30.03.2018;3.0;4.0.3 and up
EW MOTION THERAPY;HEALTH_AND_FITNESS;1;0;7.1M;0,010+;Free;0;Everyone;Health & Fitness;09.07.2018;4.2.2;4.1 and up
f.lux (preview, root-only);HEALTH_AND_FITNESS;37;5559;3.7M;500,000+;Free;0;Everyone;Health & Fitness;15.03.2016;22.0;4.0.3 and up
Fabulous: Motivate Me! Meditate, Relax, Sleep;HEALTH_AND_FITNESS;46;205299;31M;5,000,000+;Free;0;Everyone;Health & Fitness;16.07.2018;3.48;4.1 and up
Fabulous: Motivate Me! Meditate, Relax, Sleep;HEALTH_AND_FITNESS;46;205299;31M;5,000,000+;Free;0;Everyone;Health & Fitness;16.07.2018;3.48;4.1 and up
Fast Tract Diet;HEALTH_AND_FITNESS;44;35;2.4M;1,000+;Paid;8,72;Everyone;Health & Fitness;08.08.2018;1.9.3;4.2 and up
Fat Burning Workout - Home Weight lose;HEALTH_AND_FITNESS;45;706;9.4M;100,000+;Free;0;Everyone;Health & Fitness;24.07.2018;1.0.5;4.1 and up
FD Fitness;HEALTH_AND_FITNESS;1;3;21M;0,050+;Free;0;Everyone;Health & Fitness;04.07.2018;6.3.1;4.0.3 and up
Fertility Friend Ovulation App;HEALTH_AND_FITNESS;45;12955;7.2M;1,000,000+;Free;0;Teen;Health & Fitness;27.06.2018;10.24;4.4 and up
FH Calculator;HEALTH_AND_FITNESS;1;9;992k;0,500+;Free;0;Everyone;Health & Fitness;04.06.2015;1.0;4.0 and up
Fitbit;HEALTH_AND_FITNESS;39;357417;Varies with device;10,000,000+;Free;0;Everyone;Health & Fitness;26.07.2018;Varies with device;Varies with device
Fitbit Coach;HEALTH_AND_FITNESS;46;28951;60M;1,000,000+;Free;0;Everyone;Health & Fitness;16.07.2018;4.4;4.4 and up
Fitbit Coach;HEALTH_AND_FITNESS;46;28951;60M;1,000,000+;Free;0;Everyone;Health & Fitness;16.07.2018;4.4;4.4 and up
FitConsole;HEALTH_AND_FITNESS;26;219;1.8M;50,000+;Free;0;Everyone;Health & Fitness;30.10.2015;v1.1-20151030;4.0 and up
Fitness & Bodybuilding;HEALTH_AND_FITNESS;46;95201;61M;5,000,000+;Free;0;Everyone;Health & Fitness;09.07.2018;2.4.1;4.1 and up
Fitness Dance for Zum.ba Workout Exercise;HEALTH_AND_FITNESS;42;287;12M;50,000+;Free;0;Everyone;Health & Fitness;30.07.2018;1.8;4.2 and up
Florida Blue;HEALTH_AND_FITNESS;32;499;34M;100,000+;Free;0;Everyone;Health & Fitness;10.07.2018;4.2.1;7.0 and up
Food Calorie Calculator;HEALTH_AND_FITNESS;42;1324;4M;100,000+;Free;0;Everyone;Health & Fitness;29.01.2018;10.2.0;4.0 and up
Food Calorie Calculator;HEALTH_AND_FITNESS;42;1324;4M;100,000+;Free;0;Everyone;Health & Fitness;29.01.2018;10.2.0;4.0 and up
Fooducate Healthy Weight Loss & Calorie Counter;HEALTH_AND_FITNESS;44;14402;Varies with device;1,000,000+;Free;0;Everyone;Health & Fitness;03.08.2018;Varies with device;Varies with device
Free Meditation - Take a Break;HEALTH_AND_FITNESS;42;1608;39M;100,000+;Free;0;Everyone;Health & Fitness;28.07.2016;6.7;2.3.3 and up
Freeletics: Personal Trainer & Fitness Workouts;HEALTH_AND_FITNESS;45;130104;25M;10,000,000+;Free;0;Everyone;Health & Fitness;03.08.2018;5.3;5.0 and up
Garmin Connect�;HEALTH_AND_FITNESS;39;232153;Varies with device;10,000,000+;Free;0;Everyone;Health & Fitness;02.08.2018;Varies with device;Varies with device
Geocaching�;HEALTH_AND_FITNESS;41;62616;Varies with device;5,000,000+;Free;0;Teen;Health & Fitness;02.08.2018;Varies with device;Varies with device
Google Fit - Fitness Tracking;HEALTH_AND_FITNESS;39;249855;Varies with device;10,000,000+;Free;0;Everyone;Health & Fitness;24.07.2018;Varies with device;Varies with device
H Band;HEALTH_AND_FITNESS;40;214;8.9M;10,000+;Free;0;Everyone;Health & Fitness;13.06.2018;3.0.2;4.4 and up
H Band 2.0;HEALTH_AND_FITNESS;29;4031;8.9M;500,000+;Free;0;Everyone;Health & Fitness;15.06.2018;3.0.2;4.4 and up
Happify;HEALTH_AND_FITNESS;37;1812;37M;100,000+;Free;0;Everyone;Health & Fitness;24.07.2018;1.31.0-15160.950adac99;4.4 and up
H-Connect;HEALTH_AND_FITNESS;40;50;15M;5,000+;Free;0;Everyone;Health & Fitness;03.07.2018;2.14;4.4 and up
Headspace: Meditation & Mindfulness;HEALTH_AND_FITNESS;46;77563;39M;10,000,000+;Free;0;Everyone;Health & Fitness;23.07.2018;3.6.4;4.2 and up
Headspace: Meditation & Mindfulness;HEALTH_AND_FITNESS;46;77563;39M;10,000,000+;Free;0;Everyone;Health & Fitness;23.07.2018;3.6.4;4.2 and up
Health and Nutrition Guide;HEALTH_AND_FITNESS;43;7895;3.3M;500,000+;Free;0;Everyone;Health & Fitness;15.07.2018;3.3;4.0 and up
Health and Nutrition Guide;HEALTH_AND_FITNESS;43;7895;3.3M;500,000+;Free;0;Everyone;Health & Fitness;15.07.2018;3.3;4.0 and up
Home Remedies for Bacterial Infections;HEALTH_AND_FITNESS;1;0;4.4M;0,050+;Free;0;Everyone;Health & Fitness;19.04.2018;1.0;2.2 and up
Home Workout - No Equipment;HEALTH_AND_FITNESS;48;428156;15M;10,000,000+;Free;0;Everyone;Health & Fitness;28.06.2018;Varies with device;Varies with device
Home Workout - No Equipment;HEALTH_AND_FITNESS;48;432160;15M;10,000,000+;Free;0;Everyone;Health & Fitness;28.06.2018;Varies with device;Varies with device
Home Workout for Men - Bodybuilding;HEALTH_AND_FITNESS;48;12705;15M;1,000,000+;Free;0;Everyone;Health & Fitness;10.07.2018;1.0.2;4.0 and up
Home workouts - fat burning, abs, legs, arms,chest;HEALTH_AND_FITNESS;43;4848;13M;1,000,000+;Free;0;Everyone;Health & Fitness;18.07.2018;2.6;4.1 and up
HPlus;HEALTH_AND_FITNESS;29;1786;5.9M;100,000+;Free;0;Everyone;Health & Fitness;12.06.2018;3.5.2;4.4 and up
Hungry Girl Diet Bk. Companion;HEALTH_AND_FITNESS;22;4;28M;1,000+;Free;0;Everyone;Health & Fitness;01.02.2018;1.1.3;4.0 and up
I AM C.T.;HEALTH_AND_FITNESS;46;28;20M;1,000+;Free;0;Mature 17+;Health & Fitness;27.04.2017;1.0;4.0.3 and up
I�m Expecting - Pregnancy App;HEALTH_AND_FITNESS;46;71269;49M;1,000,000+;Free;0;Everyone;Health & Fitness;30.03.2018;2.3.2;4.0.3 and up
I�m Expecting - Pregnancy App;HEALTH_AND_FITNESS;46;71266;49M;1,000,000+;Free;0;Everyone;Health & Fitness;30.03.2018;2.3.2;4.0.3 and up
Ideal Weight, BMI Calculator;HEALTH_AND_FITNESS;42;112384;5M;5,000,000+;Free;0;Everyone;Health & Fitness;23.02.2018;2.1.0;4.1 and up
Insight Timer - Free Meditation App;HEALTH_AND_FITNESS;46;20161;Varies with device;1,000,000+;Free;0;Everyone;Health & Fitness;01.08.2018;Varies with device;Varies with device
J - Style Pro;HEALTH_AND_FITNESS;23;74;2.6M;10,000+;Free;0;Everyone;Health & Fitness;20.01.2016;1.1;4.3 and up
JEFIT Workout Tracker, Weight Lifting, Gym Log App;HEALTH_AND_FITNESS;45;60096;27M;5,000,000+;Free;0;Teen;Health & Fitness;07.04.2018;10.0;4.0.3 and up
K Health;HEALTH_AND_FITNESS;41;290;40M;50,000+;Free;0;Teen;Health & Fitness;22.07.2018;1.7.2992;4.1 and up
Keep Trainer - Workout Trainer & Fitness Coach;HEALTH_AND_FITNESS;47;14810;Varies with device;1,000,000+;Free;0;Everyone;Health & Fitness;24.07.2018;Varies with device;Varies with device
Kick Axe Bx;HEALTH_AND_FITNESS;1;0;9.3M;0,001+;Free;0;Everyone;Health & Fitness;07.06.2017;1.0.1;4.0 and up
L!FE Premium Training;HEALTH_AND_FITNESS;1;2;10M;0,100+;Free;0;Everyone;Health & Fitness;09.07.2018;4.2.2;4.1 and up
Ladies' Ab Workout FREE;HEALTH_AND_FITNESS;40;12906;8.5M;1,000,000+;Free;0;Everyone;Health & Fitness;08.10.2012;1.01;2.1 and up
Lark - 24/7 Health Coach;HEALTH_AND_FITNESS;41;3405;51M;100,000+;Free;0;Everyone;Health & Fitness;25.07.2018;4.5.1.123;4.4 and up
Lark - 24/7 Health Coach;HEALTH_AND_FITNESS;41;3405;51M;100,000+;Free;0;Everyone;Health & Fitness;25.07.2018;4.5.1.123;4.4 and up
LG Health;HEALTH_AND_FITNESS;33;20098;25M;10,000,000+;Free;0;Everyone;Health & Fitness;14.05.2018;5.31.75;4.4 and up
Lose Belly Fat in 30 Days - Flat Stomach;HEALTH_AND_FITNESS;49;38098;11M;5,000,000+;Free;0;Everyone;Health & Fitness;21.06.2018;1.0.4;4.2 and up
Lose Belly Fat-Home Abs Fitness Workout;HEALTH_AND_FITNESS;46;199;8.8M;50,000+;Free;0;Everyone;Health & Fitness;24.07.2018;1.0.7;4.1 and up
Lose It! - Calorie Counter;HEALTH_AND_FITNESS;44;69395;Varies with device;10,000,000+;Free;0;Everyone;Health & Fitness;03.08.2018;Varies with device;Varies with device
Lose It! - Calorie Counter;HEALTH_AND_FITNESS;44;69395;Varies with device;10,000,000+;Free;0;Everyone;Health & Fitness;03.08.2018;Varies with device;Varies with device
Lose It! - Calorie Counter;HEALTH_AND_FITNESS;44;69395;Varies with device;10,000,000+;Free;0;Everyone;Health & Fitness;03.08.2018;Varies with device;Varies with device
Lose Weight in 30 Days;HEALTH_AND_FITNESS;48;220125;11M;10,000,000+;Free;0;Everyone;Health & Fitness;31.07.2018;1.0.14;4.0 and up
Lullaby Add-on for Sleep as Android;HEALTH_AND_FITNESS;39;2057;6.2M;50,000+;Paid;7,15;Everyone;Health & Fitness;18.10.2017;2.4;4.0 and up
Map My Fitness Workout Trainer;HEALTH_AND_FITNESS;44;38343;55M;1,000,000+;Free;0;Everyone;Health & Fitness;27.07.2018;18.7.1;5.0 and up
Map My Hike GPS Hiking;HEALTH_AND_FITNESS;44;12858;55M;500,000+;Free;0;Everyone;Health & Fitness;27.07.2018;18.7.1;5.0 and up
Map My Ride GPS Cycling Riding;HEALTH_AND_FITNESS;45;106547;54M;1,000,000+;Free;0;Everyone;Health & Fitness;27.07.2018;18.7.1;5.0 and up
MealLogger-Photo Food Journal;HEALTH_AND_FITNESS;35;217;9.4M;50,000+;Free;0;Teen;Health & Fitness;23.08.2017;4.6.2;4.0.3 and up
MealLogger-Photo Food Journal;HEALTH_AND_FITNESS;35;217;9.4M;50,000+;Free;0;Teen;Health & Fitness;23.08.2017;4.6.2;4.0.3 and up
MediBeat for AW - Android (1);HEALTH_AND_FITNESS;1;2;Varies with device;0,500+;Free;0;Everyone;Health & Fitness;24.10.2017;0.9.16;Varies with device
Meditate OM;HEALTH_AND_FITNESS;45;19074;4.2M;1,000,000+;Free;0;Everyone;Health & Fitness;17.01.2018;16.0;4.0 and up
Meditation Music - Relax, Yoga;HEALTH_AND_FITNESS;46;48226;28M;1,000,000+;Free;0;Everyone;Health & Fitness;05.03.2018;3.1.9;4.0.3 and up
Meditation Music - Relax, Yoga;HEALTH_AND_FITNESS;46;48226;28M;1,000,000+;Free;0;Everyone;Health & Fitness;05.03.2018;3.1.9;4.0.3 and up
Meditation Studio;HEALTH_AND_FITNESS;46;1026;29M;10,000+;Paid;2,97;Everyone;Health & Fitness;15.05.2018;1.0.6;4.3 and up
MI-BP;HEALTH_AND_FITNESS;50;1;12M;0,050+;Free;0;Everyone;Health & Fitness;09.04.2018;1.0.8.506;5.0 and up
Monitor My BP;HEALTH_AND_FITNESS;1;0;4.6M;0,050+;Paid;5,67;Everyone;Health & Fitness;26.11.2016;2.0.1;4.0 and up
Monitor Your Weight;HEALTH_AND_FITNESS;45;126017;4.3M;5,000,000+;Free;0;Everyone;Health & Fitness;05.07.2018;4.9.8.1;4.0 and up
My BP Lab;HEALTH_AND_FITNESS;26;186;25M;10,000+;Free;0;Everyone;Health & Fitness;19.05.2018;1.1.0;8.0 and up
My Chakra Meditation;HEALTH_AND_FITNESS;44;7586;45M;500,000+;Free;0;Everyone;Health & Fitness;10.04.2018;1.0.6;2.3.3 and up
My Chakra Meditation 2;HEALTH_AND_FITNESS;43;1288;31M;100,000+;Free;0;Everyone;Health & Fitness;10.04.2018;2.0.4;2.3.3 and up
My Cycles Period and Ovulation;HEALTH_AND_FITNESS;43;26652;41M;1,000,000+;Free;0;Everyone;Health & Fitness;04.05.2018;2.3.3;4.0.3 and up
My Days - Ovulation Calendar & Period Tracker �;HEALTH_AND_FITNESS;45;93691;Varies with device;5,000,000+;Free;0;Everyone;Health & Fitness;05.07.2018;Varies with device;Varies with device
My Diet Coach - Weight Loss Motivation & Tracker;HEALTH_AND_FITNESS;44;141163;Varies with device;10,000,000+;Free;0;Everyone;Health & Fitness;11.06.2018;Varies with device;Varies with device
My Diet Diary Calorie Counter;HEALTH_AND_FITNESS;41;18539;57M;1,000,000+;Free;0;Everyone;Health & Fitness;30.07.2018;1.11.4;4.0.3 and up
My Diet Diary Calorie Counter;HEALTH_AND_FITNESS;41;18539;57M;1,000,000+;Free;0;Everyone;Health & Fitness;30.07.2018;1.11.4;4.0.3 and up
MyPlate Calorie Tracker;HEALTH_AND_FITNESS;46;24094;18M;1,000,000+;Free;0;Everyone;Health & Fitness;09.07.2018;3.3.0(1);4.1 and up
MyPlate Calorie Tracker;HEALTH_AND_FITNESS;46;24094;18M;1,000,000+;Free;0;Everyone;Health & Fitness;09.07.2018;3.3.0(1);4.1 and up
Nike Training Club - Workouts & Fitness Plans;HEALTH_AND_FITNESS;46;251534;93M;10,000,000+;Free;0;Everyone;Health & Fitness;18.07.2018;5.14.0;5.0 and up
Nike Training Club - Workouts & Fitness Plans;HEALTH_AND_FITNESS;46;251534;93M;10,000,000+;Free;0;Everyone;Health & Fitness;18.07.2018;5.14.0;5.0 and up
Nike Training Club - Workouts & Fitness Plans;HEALTH_AND_FITNESS;46;251618;93M;10,000,000+;Free;0;Everyone;Health & Fitness;18.07.2018;5.14.0;5.0 and up
Nike+ Run Club;HEALTH_AND_FITNESS;44;708674;Varies with device;10,000,000+;Free;0;Everyone;Health & Fitness;12.07.2018;2.17.0;4.4 and up
Nike+ Run Club;HEALTH_AND_FITNESS;44;708710;Varies with device;10,000,000+;Free;0;Everyone;Health & Fitness;12.07.2018;2.17.0;4.4 and up
Nike+ Run Club;HEALTH_AND_FITNESS;44;708710;Varies with device;10,000,000+;Free;0;Everyone;Health & Fitness;12.07.2018;2.17.0;4.4 and up
Nike+ Run Club;HEALTH_AND_FITNESS;44;708753;Varies with device;10,000,000+;Free;0;Everyone;Health & Fitness;12.07.2018;2.17.0;4.4 and up
Oral-B App;HEALTH_AND_FITNESS;33;14210;96M;1,000,000+;Free;0;Everyone;Health & Fitness;19.07.2018;6.0.1;5.0 and up
OvuView: Ovulation and Fertility;HEALTH_AND_FITNESS;45;40296;Varies with device;1,000,000+;Free;0;Everyone;Health & Fitness;15.06.2018;Varies with device;Varies with device
Pacifica - Stress & Anxiety;HEALTH_AND_FITNESS;45;10253;Varies with device;500,000+;Free;0;Teen;Health & Fitness;09.07.2018;6.3.1;Varies with device
Pedometer;HEALTH_AND_FITNESS;44;400592;2.9M;10,000,000+;Free;0;Everyone;Health & Fitness;04.07.2018;5.23;4.0 and up
Pedometer - Step Counter Free & Calorie Burner;HEALTH_AND_FITNESS;48;31139;6.9M;1,000,000+;Free;0;Everyone;Health & Fitness;24.07.2018;1.0.11;4.1 and up
Pedometer, Step Counter & Weight Loss Tracker App;HEALTH_AND_FITNESS;46;548021;27M;10,000,000+;Free;0;Everyone;Health & Fitness;02.08.2018;p5.7.1;4.1 and up
Period Tracker;HEALTH_AND_FITNESS;45;325738;Varies with device;10,000,000+;Free;0;Everyone;Health & Fitness;28.07.2018;Varies with device;Varies with device
Period Tracker - Period Calendar Ovulation Tracker;HEALTH_AND_FITNESS;48;4559407;Varies with device;100,000,000+;Free;0;Everyone;Health & Fitness;01.08.2018;Varies with device;Varies with device
Period Tracker Clue: Period and Ovulation Tracker;HEALTH_AND_FITNESS;48;570242;20M;10,000,000+;Free;0;Everyone;Health & Fitness;02.08.2018;5.0.2;4.1 and up
Period Tracker, Pregnancy Calculator & Calendar ??;HEALTH_AND_FITNESS;1;0;Varies with device;10,000+;Free;0;Everyone;Health & Fitness;01.08.2018;Varies with device;Varies with device
Pharmacie de Garde CI et Prix;HEALTH_AND_FITNESS;44;2599;6.9M;100,000+;Free;0;Mature 17+;Health & Fitness;09.01.2018;3.0.5.0;2.0 and up
Pharmacy CI - Pharmacies de garde C�te d'Ivoire;HEALTH_AND_FITNESS;45;5509;3.2M;100,000+;Free;0;Everyone;Health & Fitness;03.07.2018;4.7.0 Phoenix;4.0.3 and up
PHARMAGUIDE (DZ);HEALTH_AND_FITNESS;41;131;3.4M;5,000+;Free;0;Everyone;Health & Fitness;01.04.2016;1.06;1.6 and up
Pocket Yoga;HEALTH_AND_FITNESS;44;2107;Varies with device;100,000+;Paid;7,93;Everyone;Health & Fitness;22.12.2015;Varies with device;Varies with device
Pocket Yoga;HEALTH_AND_FITNESS;44;2107;Varies with device;100,000+;Paid;4,42;Everyone;Health & Fitness;22.12.2015;Varies with device;Varies with device
Poop Tracker - Toilet Log;HEALTH_AND_FITNESS;44;622;2.5M;10,000+;Free;0;Everyone;Health & Fitness;09.05.2018;1.3.3;4.4 and up
Prana Breath: Calm & Meditate;HEALTH_AND_FITNESS;48;31665;8.4M;1,000,000+;Free;0;Everyone;Health & Fitness;19.07.2018;8.2.0_8;4.0 and up
Pregnancy & Baby Tracker;HEALTH_AND_FITNESS;46;48286;Varies with device;1,000,000+;Free;0;Everyone;Health & Fitness;27.07.2018;Varies with device;Varies with device
Pregnancy Tracker;HEALTH_AND_FITNESS;41;2681;6.5M;500,000+;Free;0;Everyone;Health & Fitness;10.02.2018;37;4.0.3 and up
PumpUp � Fitness Community;HEALTH_AND_FITNESS;40;49479;57M;1,000,000+;Free;0;Teen;Health & Fitness;10.07.2018;5.13.0;5.0 and up
Q7 SmartWatch;HEALTH_AND_FITNESS;30;94;30M;10,000+;Free;0;Everyone;Health & Fitness;09.07.2018;1.0.2;4.3 and up
Recipes for hair and face tried;HEALTH_AND_FITNESS;45;1203;6.5M;500,000+;Free;0;Everyone;Health & Fitness;16.10.2016;1.2;2.3.3 and up
Relax Meditation: Sleep with Sleep Sounds;HEALTH_AND_FITNESS;44;26540;43M;1,000,000+;Free;0;Everyone;Health & Fitness;09.02.2017;2.5.1;4.0.3 and up
Relax Meditation: Sleep with Sleep Sounds;HEALTH_AND_FITNESS;44;26540;43M;1,000,000+;Free;0;Everyone;Health & Fitness;09.02.2017;2.5.1;4.0.3 and up
Relax Melodies P: Sleep Sounds;HEALTH_AND_FITNESS;48;19543;Varies with device;100,000+;Paid;3,11;Everyone;Health & Fitness;19.01.2018;Varies with device;Varies with device
Relax Melodies: Sleep Sounds;HEALTH_AND_FITNESS;45;233243;Varies with device;5,000,000+;Free;0;Everyone;Health & Fitness;23.07.2018;Varies with device;Varies with device
Relax Melodies: Sleep Sounds;HEALTH_AND_FITNESS;45;233243;Varies with device;5,000,000+;Free;0;Everyone;Health & Fitness;23.07.2018;Varies with device;Varies with device
Relax with Andrew Johnson Lite;HEALTH_AND_FITNESS;43;2885;Varies with device;100,000+;Free;0;Everyone;Health & Fitness;19.06.2012;Varies with device;Varies with device
Relaxing Sounds;HEALTH_AND_FITNESS;46;4642;40M;100,000+;Free;0;Everyone;Health & Fitness;11.03.2017;1.92;4.1 and up
Restaurant Inspections - FL;HEALTH_AND_FITNESS;35;143;226k;10,000+;Free;0;Everyone;Health & Fitness;12.06.2013;1.1;2.2 and up
Revita.bg;HEALTH_AND_FITNESS;48;10;4M;0,010+;Free;0;Everyone;Health & Fitness;13.06.2018;3.55;4.0 and up
Run on Earth;HEALTH_AND_FITNESS;24;577;3.7M;50,000+;Free;0;Everyone;Health & Fitness;25.04.2018;1.7.5;4.0 and up
Run with Map My Run;HEALTH_AND_FITNESS;45;183662;57M;5,000,000+;Free;0;Everyone;Health & Fitness;27.07.2018;18.7.1;5.0 and up
Run with Map My Run;HEALTH_AND_FITNESS;45;183669;57M;5,000,000+;Free;0;Everyone;Health & Fitness;27.07.2018;18.7.1;5.0 and up
Run with Map My Run;HEALTH_AND_FITNESS;45;183669;57M;5,000,000+;Free;0;Everyone;Health & Fitness;27.07.2018;18.7.1;5.0 and up
Runkeeper - GPS Track Run Walk;HEALTH_AND_FITNESS;45;501144;Varies with device;10,000,000+;Free;0;Everyone;Health & Fitness;16.07.2018;Varies with device;Varies with device
Runkeeper - GPS Track Run Walk;HEALTH_AND_FITNESS;45;501144;Varies with device;10,000,000+;Free;0;Everyone;Health & Fitness;16.07.2018;Varies with device;Varies with device
Running & Jogging;HEALTH_AND_FITNESS;45;6238;3.9M;500,000+;Free;0;Everyone;Health & Fitness;30.07.2018;1.1.22;4.1 and up
Running Distance Tracker +;HEALTH_AND_FITNESS;47;77777;Varies with device;1,000,000+;Free;0;Everyone;Health & Fitness;29.06.2018;3.401;5.0 and up
Running Weight Loss Walking Jogging Hiking FITAPP;HEALTH_AND_FITNESS;44;20812;Varies with device;1,000,000+;Free;0;Teen;Health & Fitness;27.07.2018;Varies with device;Varies with device
Runtastic Mountain Bike GPS Tracker;HEALTH_AND_FITNESS;45;50679;38M;1,000,000+;Free;0;Everyone;Health & Fitness;01.08.2018;3.6.2;4.4 and up
Runtastic Running App & Mile Tracker;HEALTH_AND_FITNESS;45;827597;Varies with device;10,000,000+;Free;0;Everyone;Health & Fitness;25.07.2018;Varies with device;Varies with device
Runtastic Running App & Mile Tracker;HEALTH_AND_FITNESS;45;827651;Varies with device;10,000,000+;Free;0;Everyone;Health & Fitness;25.07.2018;Varies with device;Varies with device
Runtastic Running App & Mile Tracker;HEALTH_AND_FITNESS;45;827653;Varies with device;10,000,000+;Free;0;Everyone;Health & Fitness;25.07.2018;Varies with device;Varies with device
Runtastic Sleep Better: Sleep Cycle & Smart Alarm;HEALTH_AND_FITNESS;41;111462;Varies with device;5,000,000+;Free;0;Everyone;Health & Fitness;25.07.2018;Varies with device;Varies with device
Runtastic Sleep Better: Sleep Cycle & Smart Alarm;HEALTH_AND_FITNESS;41;111465;Varies with device;5,000,000+;Free;0;Everyone;Health & Fitness;25.07.2018;Varies with device;Varies with device
Samsung Health;HEALTH_AND_FITNESS;43;480208;70M;500,000,000+;Free;0;Everyone;Health & Fitness;31.07.2018;5.17.2.009;5.0 and up
Santa Fe Thrive;HEALTH_AND_FITNESS;50;2;8.3M;0,050+;Free;0;Everyone;Health & Fitness;09.07.2018;4.2.2;4.1 and up
SCI-Ex;HEALTH_AND_FITNESS;35;8;7.9M;1,000+;Free;0;Everyone;Health & Fitness;28.06.2018;1.0060.b0060;5.0 and up
Self Healing;HEALTH_AND_FITNESS;45;14394;9.9M;500,000+;Free;0;Everyone;Health & Fitness;16.07.2017;Public.Heal;4.0.3 and up
Self-help Anxiety Management;HEALTH_AND_FITNESS;40;2894;23M;500,000+;Free;0;Everyone 10+;Health & Fitness;22.02.2017;1.2.6;4.0.3 and up
Seven - 7 Minute Workout Training Challenge;HEALTH_AND_FITNESS;45;75571;Varies with device;1,000,000+;Free;0;Everyone;Health & Fitness;03.08.2018;7.2.5;Varies with device
Seven - 7 Minute Workout Training Challenge;HEALTH_AND_FITNESS;45;75571;Varies with device;1,000,000+;Free;0;Everyone;Health & Fitness;03.08.2018;7.2.5;Varies with device
Simple Habit Meditation;HEALTH_AND_FITNESS;47;11689;20M;500,000+;Free;0;Everyone;Health & Fitness;27.07.2018;1.29.15;4.4 and up
Simple Habit Meditation;HEALTH_AND_FITNESS;47;11689;20M;500,000+;Free;0;Everyone;Health & Fitness;27.07.2018;1.29.15;4.4 and up
Simply Yoga - Fitness Trainer for Workouts & Poses;HEALTH_AND_FITNESS;41;6826;Varies with device;1,000,000+;Free;0;Everyone;Health & Fitness;14.06.2018;Varies with device;Varies with device
Six Pack in 30 Days - Abs Workout;HEALTH_AND_FITNESS;49;272337;13M;10,000,000+;Free;0;Everyone;Health & Fitness;21.06.2018;1.0.2;4.2 and up
Six Pack in 30 Days - Abs Workout;HEALTH_AND_FITNESS;49;272172;13M;10,000,000+;Free;0;Everyone;Health & Fitness;21.06.2018;1.0.2;4.2 and up
Six Packs for Man�Body Building with No Equipment;HEALTH_AND_FITNESS;46;2880;7.1M;100,000+;Free;0;Everyone;Health & Fitness;24.07.2018;1.0.8;4.1 and up
Sleep as Android Garmin Addon;HEALTH_AND_FITNESS;26;114;1.6M;10,000+;Free;0;Everyone;Health & Fitness;20.06.2018;20180620;2.3 and up
Sleep as Android Gear Addon;HEALTH_AND_FITNESS;28;961;1.3M;100,000+;Free;0;Everyone;Health & Fitness;27.02.2018;1.5;4.0 and up
Sleep Sounds;HEALTH_AND_FITNESS;48;51227;28M;1,000,000+;Free;0;Everyone;Health & Fitness;13.07.2018;4.0.1;4.0.3 and up
Sportractive GPS Running Cycling Distance Tracker;HEALTH_AND_FITNESS;48;48276;7.5M;1,000,000+;Free;0;Everyone;Health & Fitness;04.08.2018;3.0.6;4.4 and up
Sports Tracker Running Cycling;HEALTH_AND_FITNESS;45;190247;Varies with device;5,000,000+;Free;0;Everyone;Health & Fitness;03.08.2018;Varies with device;Varies with device
Spot On Period, Birth Control, & Cycle Tracker;HEALTH_AND_FITNESS;46;4102;24M;500,000+;Free;0;Everyone 10+;Health & Fitness;19.07.2018;2.6.1;4.2 and up
Step Counter - Calorie Counter;HEALTH_AND_FITNESS;40;1577;2.2M;500,000+;Free;0;Everyone;Health & Fitness;12.08.2017;1.0.7;4.4 and up
Step Counter - Pedometer Free & Calorie Counter;HEALTH_AND_FITNESS;47;117925;7M;10,000,000+;Free;0;Everyone;Health & Fitness;24.07.2018;1.0.26;4.1 and up
Stop Smoking - EasyQuit free;HEALTH_AND_FITNESS;48;39068;4M;500,000+;Free;0;Everyone;Health & Fitness;07.07.2018;1.2.2;4.1 and up
Stop, Breathe & Think: Meditation & Mindfulness;HEALTH_AND_FITNESS;43;8576;Varies with device;1,000,000+;Free;0;Everyone;Health & Fitness;28.07.2018;Varies with device;Varies with device
Strava Training: Track Running, Cycling & Swimming;HEALTH_AND_FITNESS;45;328469;Varies with device;10,000,000+;Free;0;Teen;Health & Fitness;01.08.2018;Varies with device;Varies with device
StrongLifts 5x5 Workout Gym Log & Personal Trainer;HEALTH_AND_FITNESS;49;66791;10M;1,000,000+;Free;0;Everyone;Health & Fitness;30.07.2018;Varies with device;Varies with device
Sworkit: Workouts & Fitness Plans;HEALTH_AND_FITNESS;46;109756;78M;5,000,000+;Free;0;Everyone;Health & Fitness;01.08.2018;8.2.0;4.0.3 and up
Technutri - calorie counter, diet and carb tracker;HEALTH_AND_FITNESS;44;70416;23M;5,000,000+;Free;0;Everyone;Health & Fitness;27.07.2018;3.19.4;4.1 and up
The Bump Pregnancy Tracker;HEALTH_AND_FITNESS;46;20301;22M;1,000,000+;Free;0;Everyone;Health & Fitness;16.05.2018;3.22;4.3 and up
The CJ Rubric;HEALTH_AND_FITNESS;50;5;43M;0,100+;Free;0;Everyone;Health & Fitness;05.12.2017;The CJ Rubric 7.12.0;4.1 and up
The ClubHouse CR;HEALTH_AND_FITNESS;1;5;8.7M;0,100+;Free;0;Everyone;Health & Fitness;09.07.2018;4.2.2;4.1 and up
The Daily BJ;HEALTH_AND_FITNESS;48;38;24M;0,500+;Free;0;Everyone;Health & Fitness;10.07.2018;1.1;5.0 and up
The EO Bar;HEALTH_AND_FITNESS;47;416;34M;10,000+;Paid;9,58;Everyone;Health & Fitness;02.07.2018;1.3.7;4.1 and up
The TK-App - everything under control;HEALTH_AND_FITNESS;45;8642;18M;100,000+;Free;0;Everyone;Health & Fitness;02.08.2018;1.20;4.4 and up
Thrive CF;HEALTH_AND_FITNESS;22;6;8M;0,100+;Free;0;Everyone;Health & Fitness;05.01.2018;1.0.1;4.3 and up
Tools & Mi Band;HEALTH_AND_FITNESS;44;15753;13M;100,000+;Paid;3,34;Everyone;Health & Fitness;26.07.2018;3.7.3;4.3 and up
Tracks;HEALTH_AND_FITNESS;46;623;40M;50,000+;Free;0;Everyone 10+;Health & Fitness;17.07.2017;1.2.3;4.0.3 and up
Treadmill Workouts Free (P);HEALTH_AND_FITNESS;33;10;3.3M;1,000+;Free;0;Everyone;Health & Fitness;05.04.2018;1.8 P;4.4 and up
Twilight: Blue light filter;HEALTH_AND_FITNESS;46;318134;Varies with device;5,000,000+;Free;0;Everyone;Health & Fitness;29.05.2018;Varies with device;Varies with device
Ultimate Ab & Core Workouts;HEALTH_AND_FITNESS;47;55571;12M;1,000,000+;Free;0;Everyone;Health & Fitness;21.02.2018;1.23;4.0 and up
Vi Trainer;HEALTH_AND_FITNESS;36;124;100M;5,000+;Free;0;Everyone;Health & Fitness;02.08.2018;2.0.0.11;5.0 and up
ViewRanger - Hike, Ride or Walk;HEALTH_AND_FITNESS;42;34356;Varies with device;1,000,000+;Free;0;Everyone;Health & Fitness;31.07.2018;Varies with device;Varies with device
Vital Tones EI Pro;HEALTH_AND_FITNESS;1;2;85M;0,050+;Paid;8,83;Everyone;Health & Fitness;01.12.2017;1.4;4.0 and up
Walk with Map My Walk;HEALTH_AND_FITNESS;45;144040;55M;5,000,000+;Free;0;Everyone;Health & Fitness;27.07.2018;18.7.1;5.0 and up
Walk with Map My Walk;HEALTH_AND_FITNESS;45;144050;55M;5,000,000+;Free;0;Everyone;Health & Fitness;27.07.2018;18.7.1;5.0 and up
Walking for Weight Loss - Walk Tracker;HEALTH_AND_FITNESS;45;644;5.5M;100,000+;Free;0;Everyone;Health & Fitness;25.07.2018;1.0.4;4.1 and up
Walking: Pedometer diet;HEALTH_AND_FITNESS;37;1861;1.5M;1,000,000+;Free;0;Everyone;Health & Fitness;18.06.2018;1.5;2.3 and up
Water Drink Reminder;HEALTH_AND_FITNESS;46;524299;Varies with device;10,000,000+;Free;0;Everyone;Health & Fitness;29.06.2018;Varies with device;Varies with device
Weight Loss Running by Verv;HEALTH_AND_FITNESS;45;27393;59M;1,000,000+;Free;0;Mature 17+;Health & Fitness;16.07.2018;6.5.3;4.1 and up
Weight Loss Running by Verv;HEALTH_AND_FITNESS;45;27396;59M;1,000,000+;Free;0;Mature 17+;Health & Fitness;16.07.2018;6.5.3;4.1 and up
Weight Loss Running by Verv;HEALTH_AND_FITNESS;45;27396;59M;1,000,000+;Free;0;Mature 17+;Health & Fitness;16.07.2018;6.5.3;4.1 and up
Weight Loss Tracker - RecStyle;HEALTH_AND_FITNESS;44;20547;5.7M;1,000,000+;Free;0;Everyone;Health & Fitness;29.11.2017;3.2.7;4.1 and up
Weight Loss Tracker - RecStyle;HEALTH_AND_FITNESS;44;20547;5.7M;1,000,000+;Free;0;Everyone;Health & Fitness;29.11.2017;3.2.7;4.1 and up
Weight Watchers Mobile;HEALTH_AND_FITNESS;42;270267;58M;5,000,000+;Free;0;Everyone;Health & Fitness;31.07.2018;6.15.0;4.1 and up
Weight Watchers Mobile;HEALTH_AND_FITNESS;42;270294;58M;5,000,000+;Free;0;Everyone;Health & Fitness;31.07.2018;6.15.0;4.1 and up
Weight Watchers Mobile;HEALTH_AND_FITNESS;42;270294;58M;5,000,000+;Free;0;Everyone;Health & Fitness;31.07.2018;6.15.0;4.1 and up
We're Working Out - Al Kavadlo;HEALTH_AND_FITNESS;43;979;Varies with device;50,000+;Free;0;Everyone;Health & Fitness;24.12.2017;Varies with device;Varies with device
White Noise Lite;HEALTH_AND_FITNESS;44;57634;41M;1,000,000+;Free;0;Everyone;Health & Fitness;25.06.2018;7.4;4.1 and up
White Sound Pro;HEALTH_AND_FITNESS;47;16570;73M;500,000+;Free;0;Everyone;Health & Fitness;29.07.2018;4.8.0;4.4 and up
WomanLog Calendar;HEALTH_AND_FITNESS;45;121838;15M;5,000,000+;Free;0;Everyone;Health & Fitness;23.05.2018;5.5.1;4.0.3 and up
"Women""s Health Tips(Breast,Face,Body,weight lose)";HEALTH_AND_FITNESS;42;2509;5M;1,000,000+;Free;0;Mature 17+;Health & Fitness;20.04.2018;1.8;4.1 and up
Workout Tracker & Gym Trainer - Fitness Log Book;HEALTH_AND_FITNESS;46;5420;21M;500,000+;Free;0;Everyone;Health & Fitness;05.06.2018;2.48.3;4.1 and up
Workout Trainer: fitness coach;HEALTH_AND_FITNESS;42;100406;Varies with device;10,000,000+;Free;0;Everyone;Health & Fitness;30.06.2018;Varies with device;Varies with device
Workout Trainer: fitness coach;HEALTH_AND_FITNESS;42;100406;Varies with device;10,000,000+;Free;0;Everyone;Health & Fitness;30.06.2018;Varies with device;Varies with device
X your Ex - Break Up Treatment;HEALTH_AND_FITNESS;40;32;64M;5,000+;Free;0;Everyone;Health & Fitness;20.05.2017;3.9;4.1 and up
YAZIO Calorie Counter, Nutrition Diary & Diet Plan;HEALTH_AND_FITNESS;46;117176;Varies with device;5,000,000+;Free;0;Everyone;Health & Fitness;07.07.2018;Varies with device;Varies with device
Yoga - Track Yoga;HEALTH_AND_FITNESS;45;7976;44M;500,000+;Free;0;Everyone;Health & Fitness;09.07.2018;7.0;4.0.3 and up
Yoga Studio: Mind & Body;HEALTH_AND_FITNESS;43;5499;94M;100,000+;Free;0;Everyone;Health & Fitness;23.07.2018;2.0.16;4.1 and up
Zombies, Run! 5k Training (Free);HEALTH_AND_FITNESS;40;267;Varies with device;50,000+;Free;0;Teen;Health & Fitness;01.08.2018;Varies with device;Varies with device
24 megapixel hd camera;PHOTOGRAPHY;40;802;5.1M;100,000+;Free;0;Everyone;Photography;03.05.2017;1.1;2.3 and up
4K Ultra Camera;PHOTOGRAPHY;42;382;2.9M;100,000+;Free;0;Everyone;Photography;30.07.2018;39.272.12;2.2 and up
A Better Camera;PHOTOGRAPHY;41;76484;Varies with device;5,000,000+;Free;0;Everyone;Photography;08.06.2018;3.52;4.0 and up
A.J. Styles HD Wallpapers 2018;PHOTOGRAPHY;1;1;7.6M;0,100+;Free;0;Everyone;Photography;26.07.2018;1.0;4.1 and up
A+ Gallery - Photos & Videos;PHOTOGRAPHY;45;223941;Varies with device;10,000,000+;Free;0;Everyone;Photography;06.08.2018;Varies with device;Varies with device
Add Text To Photo;PHOTOGRAPHY;41;21578;1.6M;1,000,000+;Free;0;Everyone;Photography;08.09.2017;1.1.3;2.3 and up
Add Watermark Free;PHOTOGRAPHY;43;18325;Varies with device;1,000,000+;Free;0;Everyone;Photography;03.09.2017;Varies with device;Varies with device
Adobe Illustrator Draw;PHOTOGRAPHY;44;65766;Varies with device;5,000,000+;Free;0;Everyone;Photography;02.04.2018;3.4.23;5.0 and up
Adobe Photoshop Express:Photo Editor Collage Maker;PHOTOGRAPHY;42;914804;Varies with device;50,000,000+;Free;0;Everyone;Photography;22.07.2018;5.0.508;4.4 and up
Adobe Photoshop Express:Photo Editor Collage Maker;PHOTOGRAPHY;42;914917;Varies with device;50,000,000+;Free;0;Everyone;Photography;22.07.2018;5.0.508;4.4 and up
Adobe Photoshop Fix;PHOTOGRAPHY;42;28390;38M;5,000,000+;Free;0;Everyone;Photography;19.07.2017;1.0.499;5.0 and up
AEE AP;PHOTOGRAPHY;1;4;17M;1,000+;Free;0;Everyone;Photography;07.02.2018;1.01;2.2 and up
AfterFocus;PHOTOGRAPHY;42;165224;15M;10,000,000+;Free;0;Everyone;Photography;08.07.2016;2.1.0;4.0.3 and up
Afterlight;PHOTOGRAPHY;43;50893;35M;1,000,000+;Free;0;Everyone;Photography;20.11.2014;1.0.6;4.0.3 and up
AI Draw | Art Filter for Selfie;PHOTOGRAPHY;30;20;4.3M;1,000+;Paid;1,8;Everyone;Photography;18.06.2018;1.4.7;5.0 and up
AI Image Recognizer (beta);PHOTOGRAPHY;1;0;3.7M;0,500+;Free;0;Everyone;Photography;13.09.2017;closed;4.0 and up
Ai-Ball AV Recorder;PHOTOGRAPHY;27;90;4M;5,000+;Paid;7,42;Everyone;Photography;19.10.2017;13;2.3.3 and up
AJ Cam;PHOTOGRAPHY;50;44;2.8M;0,100+;Free;0;Everyone;Photography;23.01.2018;1.0;4.1 and up
All Types DP & Status Maker;PHOTOGRAPHY;45;16;14M;1,000+;Free;0;Teen;Photography;12.07.2018;2.1.5;4.0.3 and up
Analog BW - Camera filter effect foto film retouch;PHOTOGRAPHY;1;2;17M;0,100+;Free;0;Everyone;Photography;23.05.2018;1.1;4.4 and up
AR effect;PHOTOGRAPHY;42;79792;Varies with device;100,000,000+;Free;0;Everyone;Photography;03.08.2018;Varies with device;Varies with device
Arto: f.infrared photo;PHOTOGRAPHY;41;41;11M;0,500+;Paid;4,77;Everyone;Photography;19.07.2016;3.1;4.4 and up
ASUS Gallery;PHOTOGRAPHY;43;125259;Varies with device;50,000,000+;Free;0;Everyone;Photography;02.08.2018;Varies with device;Varies with device
ASUS PixelMaster Camera;PHOTOGRAPHY;44;626366;Varies with device;10,000,000+;Free;0;Everyone;Photography;29.06.2016;Varies with device;Varies with device
Auto Background Changer;PHOTOGRAPHY;40;35188;6.2M;1,000,000+;Free;0;Everyone;Photography;22.02.2018;1.0.11;3.2 and up
Auto Dslr Photo Effect : Auto Focus Effect;PHOTOGRAPHY;38;6;3.5M;1,000+;Free;0;Everyone;Photography;20.02.2018;1.6;4.0.3 and up
AZ Camera - Manual Pro Cam;PHOTOGRAPHY;34;2332;1.6M;100,000+;Free;0;Everyone;Photography;28.08.2015;2.2;5.0 and up
B Tiff Viewer;PHOTOGRAPHY;41;283;7.4M;100,000+;Free;0;Everyone;Photography;12.05.2018;1.1.7.4;4.0 and up
B&W Photo Filter Editor;PHOTOGRAPHY;39;205;2.4M;50,000+;Free;0;Everyone;Photography;29.07.2017;1.0.5;4.0 and up
B612 - Beauty & Filter Camera;PHOTOGRAPHY;44;5282578;Varies with device;100,000,000+;Free;0;Everyone;Photography;30.07.2018;7.6.5;4.3 and up
B612 - Beauty & Filter Camera;PHOTOGRAPHY;44;5282558;Varies with device;100,000,000+;Free;0;Everyone;Photography;30.07.2018;7.6.5;4.3 and up
B612 - Beauty & Filter Camera;PHOTOGRAPHY;44;5276983;Varies with device;100,000,000+;Free;0;Everyone;Photography;30.07.2018;7.6.5;4.3 and up
Background Changer & Eraser;PHOTOGRAPHY;40;2076;11M;500,000+;Free;0;Teen;Photography;21.05.2018;2.5;4.1 and up
Background Eraser;PHOTOGRAPHY;45;267378;1.9M;10,000,000+;Free;0;Everyone;Photography;11.07.2015;1.4.6;4.0 and up
BC Camera;PHOTOGRAPHY;42;5;5.5M;0,500+;Free;0;Everyone;Photography;10.01.2018;1.0;4.0.3 and up
Be Fabulous PHOTO BOOTH;PHOTOGRAPHY;41;560;1.7M;10,000+;Free;0;Everyone;Photography;01.02.2017;1.07;4.0 and up
Beauty Makeup � Photo Makeover;PHOTOGRAPHY;43;21730;19M;1,000,000+;Free;0;Everyone;Photography;23.05.2018;1.6.0;4.0 and up
Beauty Makeup Snappy Collage Photo Editor - Lidow;PHOTOGRAPHY;45;420973;Varies with device;10,000,000+;Free;0;Everyone;Photography;02.08.2018;Varies with device;Varies with device
BeautyPlus - Easy Photo Editor & Selfie Camera;PHOTOGRAPHY;44;3158047;53M;100,000,000+;Free;0;Everyone;Photography;31.07.2018;6.9.031;4.1 and up
BeautyPlus - Easy Photo Editor & Selfie Camera;PHOTOGRAPHY;44;3157936;53M;100,000,000+;Free;0;Everyone;Photography;31.07.2018;6.9.031;4.1 and up
BeautyPlus - Easy Photo Editor & Selfie Camera;PHOTOGRAPHY;44;3158151;53M;100,000,000+;Free;0;Everyone;Photography;31.07.2018;6.9.031;4.1 and up
BeautyPlus - Easy Photo Editor & Selfie Camera;PHOTOGRAPHY;44;3158151;53M;100,000,000+;Free;0;Everyone;Photography;31.07.2018;6.9.031;4.1 and up
BeautyPlus - Easy Photo Editor & Selfie Camera;PHOTOGRAPHY;44;3156484;53M;100,000,000+;Free;0;Everyone;Photography;31.07.2018;6.9.031;4.1 and up
BeFunky Photo Editor Pro;PHOTOGRAPHY;45;4724;Varies with device;50,000+;Paid;8,19;Everyone;Photography;14.08.2017;Varies with device;Varies with device
Bestie - Camera360 Selfie;PHOTOGRAPHY;45;512996;23M;10,000,000+;Free;0;Everyone;Photography;02.08.2018;4.0.3.5;4.1 and up
BG Editor;PHOTOGRAPHY;1;0;8.4M;0,005+;Free;0;Everyone;Photography;23.07.2018;1.2;4.1 and up
BK Photography;PHOTOGRAPHY;43;20;4.8M;1,000+;Free;0;Everyone;Photography;06.01.2017;0.1;2.3 and up
BL 1-Click Camera;PHOTOGRAPHY;1;4;1.4M;0,100+;Paid;6,15;Everyone;Photography;18.08.2016;2.0.160818;2.3 and up
BL 1-Click Camera - Free;PHOTOGRAPHY;35;52;1.8M;10,000+;Free;0;Everyone;Photography;18.08.2016;2.0.160818;2.3 and up
BL Portfolio;PHOTOGRAPHY;1;4;16M;0,100+;Free;0;Everyone;Photography;13.06.2017;1.2;4.1 and up
Black & White Camera - Lovely BW;PHOTOGRAPHY;42;329;4.8M;100,000+;Free;0;Everyone;Photography;13.11.2017;1.1.0;4.4 and up
BlackCam Pro - B&W Camera;PHOTOGRAPHY;45;1376;5.5M;100,000+;Paid;1,58;Everyone;Photography;26.03.2018;1.51;4.0 and up
Blender BG - Photo Blend With Background;PHOTOGRAPHY;1;0;7.8M;0,100+;Free;0;Everyone;Photography;20.09.2017;1.0;4.2 and up
BlitzWolf Shutter - BW Shutter;PHOTOGRAPHY;29;333;1.8M;50,000+;Free;0;Everyone;Photography;22.11.2017;1.8.0;4.0 and up
Blur;PHOTOGRAPHY;40;9013;2.4M;1,000,000+;Free;0;Everyone;Photography;18.06.2018;4.0.2;4.4 and up
Blur Image - DSLR focus effect;PHOTOGRAPHY;39;38055;4.1M;5,000,000+;Free;0;Everyone;Photography;16.06.2017;1.17;4.0 and up
Blur Image Background;PHOTOGRAPHY;39;129272;11M;10,000,000+;Free;0;Everyone;Photography;30.07.2018;1.32;4.1 and up
Blur Image Background;PHOTOGRAPHY;39;129268;11M;10,000,000+;Free;0;Everyone;Photography;30.07.2018;1.32;4.1 and up
Blur Image Background Editor (Blur Photo Editor);PHOTOGRAPHY;44;62421;9.6M;5,000,000+;Free;0;Everyone;Photography;28.07.2018;2.4;4.1 and up
Blurfoto : Auto blur photo background & DSLR focus;PHOTOGRAPHY;43;2215;12M;500,000+;Free;0;Everyone;Photography;27.07.2018;1.12;4.3 and up
Bokeh (Background defocus);PHOTOGRAPHY;40;50109;Varies with device;10,000,000+;Free;0;Everyone;Photography;07.06.2018;Varies with device;Varies with device
Boomerang from Instagram;PHOTOGRAPHY;44;928720;Varies with device;50,000,000+;Free;0;Everyone;Photography;16.07.2018;Varies with device;Varies with device
BQ Camera;PHOTOGRAPHY;36;2526;Varies with device;1,000,000+;Free;0;Everyone;Photography;02.07.2018;Varies with device;Varies with device
Brica BPRO5 AE;PHOTOGRAPHY;39;4726;3.9M;500,000+;Free;0;Everyone;Photography;17.06.2015;v1.0;3.1 and up
BT Camera;PHOTOGRAPHY;33;1307;6.6M;500,000+;Free;0;Everyone;Photography;24.02.2017;1.8;2.3 and up
Camera for Android;PHOTOGRAPHY;42;240475;9.5M;10,000,000+;Free;0;Everyone;Photography;22.11.2017;3.8;4.0 and up
Camera for Android;PHOTOGRAPHY;42;240475;9.5M;10,000,000+;Free;0;Everyone;Photography;22.11.2017;3.8;4.0 and up
Camera for Android;PHOTOGRAPHY;42;240475;9.5M;10,000,000+;Free;0;Everyone;Photography;22.11.2017;3.8;4.0 and up
Camera FV-5;PHOTOGRAPHY;38;16320;Varies with device;100,000+;Paid;7,54;Everyone;Photography;10.11.2017;Varies with device;Varies with device
Camera FV-5;PHOTOGRAPHY;38;16317;Varies with device;100,000+;Paid;8,88;Everyone;Photography;10.11.2017;Varies with device;Varies with device
Camera FV-5 Lite;PHOTOGRAPHY;40;130081;5.6M;10,000,000+;Free;0;Everyone;Photography;10.11.2017;3.31.4;4.0 and up
Camera FV-5 Lite;PHOTOGRAPHY;40;130063;5.6M;10,000,000+;Free;0;Everyone;Photography;10.11.2017;3.31.4;4.0 and up
Camera MX - Free Photo & Video Camera;PHOTOGRAPHY;43;244371;Varies with device;10,000,000+;Free;0;Everyone;Photography;05.07.2018;Varies with device;Varies with device
Camera MX - Free Photo & Video Camera;PHOTOGRAPHY;43;244302;Varies with device;10,000,000+;Free;0;Everyone;Photography;05.07.2018;Varies with device;Varies with device
Camera Pro;PHOTOGRAPHY;41;7479;13M;1,000,000+;Free;0;Everyone;Photography;16.04.2018;5.4;4.0 and up
Camera V7 24 Megapixel;PHOTOGRAPHY;40;2480;2.5M;100,000+;Free;0;Everyone;Photography;01.08.2018;4.0;4.1 and up
Camera ZOOM FX - FREE;PHOTOGRAPHY;40;88860;6.1M;5,000,000+;Free;0;Everyone;Photography;06.04.2017;6.2.9;2.3 and up
camera zoom moon;PHOTOGRAPHY;37;1213;1.1M;500,000+;Free;0;Everyone;Photography;23.01.2018;1.06;2.3 and up
Camera360 Lite - Selfie Camera;PHOTOGRAPHY;44;221858;Varies with device;10,000,000+;Free;0;Everyone;Photography;01.08.2018;Varies with device;4.1 and up
Camera360 Lite - Selfie Camera;PHOTOGRAPHY;44;221878;Varies with device;10,000,000+;Free;0;Everyone;Photography;01.08.2018;Varies with device;4.1 and up
Camera360: Selfie Photo Editor with Funny Sticker;PHOTOGRAPHY;43;4865093;51M;100,000,000+;Free;0;Everyone;Photography;06.08.2018;9.3.1;4.0.3 and up
Camera360: Selfie Photo Editor with Funny Sticker;PHOTOGRAPHY;43;4865107;51M;100,000,000+;Free;0;Everyone;Photography;06.08.2018;9.3.1;4.0.3 and up
Camera360: Selfie Photo Editor with Funny Sticker;PHOTOGRAPHY;43;4865132;51M;100,000,000+;Free;0;Everyone;Photography;06.08.2018;9.3.1;4.0.3 and up
Camera51 - a smarter camera;PHOTOGRAPHY;40;29707;18M;1,000,000+;Free;0;Everyone;Photography;10.02.2015;1.1.6;4.0 and up
Cameringo Lite. Filters Camera;PHOTOGRAPHY;42;140917;5.7M;10,000,000+;Free;0;Everyone;Photography;11.06.2018;2.2.93;4.0 and up
Cameringo+ Filters Camera;PHOTOGRAPHY;46;28107;5.7M;500,000+;Paid;4,32;Everyone;Photography;11.06.2018;2.8.26;4.0 and up
Candy Camera - selfie, beauty camera, photo editor;PHOTOGRAPHY;44;3368649;Varies with device;100,000,000+;Free;0;Everyone;Photography;16.07.2018;4.47;4.0.3 and up
Candy Camera - selfie, beauty camera, photo editor;PHOTOGRAPHY;44;3368646;Varies with device;100,000,000+;Free;0;Everyone;Photography;16.07.2018;4.47;4.0.3 and up
Candy Camera - selfie, beauty camera, photo editor;PHOTOGRAPHY;44;3368705;Varies with device;100,000,000+;Free;0;Everyone;Photography;16.07.2018;4.47;4.0.3 and up
Candy selfie - photo editor, live filter camera;PHOTOGRAPHY;44;53421;26M;10,000,000+;Free;0;Everyone;Photography;06.08.2018;2.74.685;4.0.3 and up
Canon CameraWindow;PHOTOGRAPHY;35;12204;6.8M;1,000,000+;Free;0;Everyone;Photography;14.03.2017;1.5.2.21;2.3.3 and up
CB Edits PNG & CB Backgrounds;PHOTOGRAPHY;42;17;3.4M;5,000+;Free;0;Everyone;Photography;20.07.2018;1.0.0;4.1 and up
CB Hair Png - New Hair Png For CB Editing;PHOTOGRAPHY;46;26;7.2M;0,500+;Free;0;Everyone;Photography;29.07.2018;2;4.0 and up
CB VIDEO VISION;PHOTOGRAPHY;50;13;2.6M;0,100+;Free;0;Everyone;Photography;12.09.2017;0.0.2;4.1 and up
CG Prints;PHOTOGRAPHY;50;1;2.3M;0,100+;Free;0;Everyone;Photography;24.01.2017;1.0.5;4.3 and up
Change photo background;PHOTOGRAPHY;38;28660;6.4M;5,000,000+;Free;0;Everyone;Photography;21.03.2018;1.0.12;4.0.3 and up
Collage&Add Stickers papelook;PHOTOGRAPHY;40;32896;31M;5,000,000+;Free;0;Everyone;Photography;14.03.2018;3.3.5;2.3.3 and up
Color Touch Effects;PHOTOGRAPHY;38;167652;12M;10,000,000+;Free;0;Everyone;Photography;23.04.2018;4.5;4.1 and up
Cover Camera for FB;PHOTOGRAPHY;38;742;1.8M;100,000+;Free;0;Everyone;Photography;09.03.2014;3.0.0;2.2 and up
Cut Out : Background Eraser and background changer;PHOTOGRAPHY;41;7118;9.2M;1,000,000+;Free;0;Everyone;Photography;29.06.2018;1.6;4.0 and up
Cymera Camera- Photo Editor, Filter,Collage,Layout;PHOTOGRAPHY;44;2418135;Varies with device;100,000,000+;Free;0;Everyone;Photography;12.07.2018;Varies with device;Varies with device
Cymera Camera- Photo Editor, Filter,Collage,Layout;PHOTOGRAPHY;44;2418135;Varies with device;100,000,000+;Free;0;Everyone;Photography;12.07.2018;Varies with device;Varies with device
Cymera Camera- Photo Editor, Filter,Collage,Layout;PHOTOGRAPHY;44;2418158;Varies with device;100,000,000+;Free;0;Everyone;Photography;12.07.2018;Varies with device;Varies with device
Cymera Camera- Photo Editor, Filter,Collage,Layout;PHOTOGRAPHY;44;2418165;Varies with device;100,000,000+;Free;0;Everyone;Photography;12.07.2018;Varies with device;Varies with device
DC-014;PHOTOGRAPHY;50;3;16M;0,500+;Free;0;Everyone;Photography;14.06.2018;1.0.3;4.1 and up
DENVER ACTION CAM 3;PHOTOGRAPHY;29;66;8.9M;10,000+;Free;0;Everyone;Photography;16.11.2016;1.0.2;2.2 and up
DF Night Selfies;PHOTOGRAPHY;43;194;1.5M;10,000+;Free;0;Everyone;Photography;15.02.2018;1.6.0;4.0 and up
Displaying You VR;PHOTOGRAPHY;1;1;67M;0,050+;Free;0;Everyone;Photography;19.10.2016;3.0.6.2;4.0 and up
DM ?????;PHOTOGRAPHY;1;2;10M;0,100+;Free;0;Everyone;Photography;14.10.2017;30.0;3.2 and up
DP Creator for WhatsApp;PHOTOGRAPHY;38;4813;5.1M;100,000+;Free;0;Everyone;Photography;19.03.2016;1.5;2.2 and up
DP Editor;PHOTOGRAPHY;43;18;15M;5,000+;Free;0;Teen;Photography;04.08.2018;1.5;4.1 and up
Dp For FB;PHOTOGRAPHY;45;12;2M;1,000+;Free;0;Teen;Photography;19.10.2017;1.0;4.1 and up
DP Maker;PHOTOGRAPHY;42;784;18M;100,000+;Free;0;Everyone;Photography;29.04.2018;1.00.15;4.1 and up
DP Photo Editor;PHOTOGRAPHY;41;88;7.7M;10,000+;Free;0;Everyone;Photography;29.09.2017;2.5;4.1 and up
DP Status 2017;PHOTOGRAPHY;42;302;7M;50,000+;Free;0;Everyone;Photography;15.06.2017;15|06|17;4.1 and up
DS-L4 Viewer;PHOTOGRAPHY;35;13;7.9M;1,000+;Free;0;Everyone;Photography;29.01.2018;1.2.0.9;5.0 and up
DSLR camera - Auto Focus and Blur Professional;PHOTOGRAPHY;34;30;3M;10,000+;Free;0;Everyone;Photography;18.04.2018;5.1.2;4.0.3 and up
DSLR Camera Hd Ultra Professional;PHOTOGRAPHY;42;4410;4.5M;1,000,000+;Free;0;Everyone;Photography;27.06.2018;4.1;4.0.3 and up
DSLR Photography Training apps;PHOTOGRAPHY;40;675;15M;100,000+;Free;0;Everyone;Photography;29.07.2017;2.1;2.3 and up
DU Collage Maker - Photo Collage & Grid & Layout;PHOTOGRAPHY;47;4595;2.5M;100,000+;Free;0;Everyone;Photography;04.09.2017;1.4.0;4.0 and up
DU GIF Maker: GIF Maker, Video to GIF & GIF Editor;PHOTOGRAPHY;46;7605;4.3M;500,000+;Free;0;Everyone;Photography;10.04.2018;1.2.2.2;4.3 and up
DV KING;PHOTOGRAPHY;30;2;9.3M;0,100+;Free;0;Everyone;Photography;19.09.2017;1.0.0;2.2 and up
DV KING 4K;PHOTOGRAPHY;23;3;8.5M;0,100+;Free;0;Everyone;Photography;17.07.2018;1.0.10;4.0 and up
DV Lottery Photo Tool;PHOTOGRAPHY;40;223;1.7M;50,000+;Free;0;Everyone;Photography;28.10.2017;1.06;4.2 and up
DV-4036 by Somikon;PHOTOGRAPHY;1;17;44M;1,000+;Free;0;Everyone;Photography;19.01.2017;0.0.5;4.3 and up
easyFocus;PHOTOGRAPHY;37;3396;266k;500,000+;Free;0;Everyone;Photography;28.11.2012;1.2.0;2.2 and up
EF Lens Simulator;PHOTOGRAPHY;1;2;33M;0,100+;Paid;7,99;Everyone;Photography;27.02.2017;2.8.3.1;2.2 and up
EyeEm - Camera & Photo Filter;PHOTOGRAPHY;42;215343;44M;10,000,000+;Free;0;Everyone;Photography;14.07.2018;6.4.3;4.0.3 and up
Ez iCam;PHOTOGRAPHY;31;7300;46M;1,000,000+;Free;0;Teen;Photography;12.01.2018;V4.1.0;5.0 and up
ez Share Android app;PHOTOGRAPHY;33;1461;13M;100,000+;Free;0;Everyone;Photography;31.08.2017;3.2.6;2.3 and up
F Length Sim (no Ads);PHOTOGRAPHY;1;0;1.7M;0,010+;Paid;2,9;Everyone;Photography;29.04.2018;1.0;4.0.3 and up
Face Filter, Selfie Editor - Sweet Camera;PHOTOGRAPHY;47;142634;22M;10,000,000+;Free;0;Everyone;Photography;06.07.2018;1.5.1;4.4 and up
Face Filter, Selfie Editor - Sweet Camera;PHOTOGRAPHY;47;142758;22M;10,000,000+;Free;0;Everyone;Photography;06.07.2018;1.5.1;4.4 and up
FaceApp;PHOTOGRAPHY;44;346681;7.1M;10,000,000+;Free;0;Everyone;Photography;10.02.2018;2.0.949;4.4 and up
Facejjang;PHOTOGRAPHY;41;100179;96M;10,000,000+;Free;0;Everyone;Photography;17.05.2018;2.52;4.0.3 and up
Facetune - For Free;PHOTOGRAPHY;44;49553;48M;1,000,000+;Paid;8,31;Everyone;Photography;25.07.2018;1.3.1;4.1 and up
Facetune - For Free;PHOTOGRAPHY;44;49553;48M;1,000,000+;Paid;6,49;Everyone;Photography;25.07.2018;1.3.1;4.1 and up
Facetune - For Free;PHOTOGRAPHY;44;49553;48M;1,000,000+;Paid;8,08;Everyone;Photography;25.07.2018;1.3.1;4.1 and up
FB Photographie;PHOTOGRAPHY;47;37;10M;1,000+;Free;0;Everyone;Photography;22.05.2016;2.0;4.0 and up
FD Fotografia;PHOTOGRAPHY;1;2;4.2M;0,100+;Free;0;Everyone;Photography;17.01.2018;0.0.9;4.1 and up
FH WiFiCam;PHOTOGRAPHY;26;201;2.5M;10,000+;Free;0;Everyone;Photography;02.05.2017;2.1;4.1 and up
Fifa World Cup 2018: Photo Frame Editor & DP Maker;PHOTOGRAPHY;46;666;8.7M;100,000+;Free;0;Everyone;Photography;20.06.2018;6.1;4.0.3 and up
FilterGrid - Cam&Photo Editor;PHOTOGRAPHY;46;126337;9.6M;1,000,000+;Free;0;Everyone;Photography;15.03.2017;2.0.5;4.0 and up
FilterGrid - Cam&Photo Editor;PHOTOGRAPHY;46;126338;9.6M;1,000,000+;Free;0;Everyone;Photography;15.03.2017;2.0.5;4.0 and up
FL Drone 2;PHOTOGRAPHY;33;41;7.8M;5,000+;Free;0;Everyone;Photography;17.08.2017;1.0.7;2.2 and up
Flickr;PHOTOGRAPHY;43;251951;16M;10,000,000+;Free;0;Mature 17+;Photography;11.07.2018;4.7.3;4.4 and up
Flickr;PHOTOGRAPHY;43;251951;16M;10,000,000+;Free;0;Mature 17+;Photography;11.07.2018;4.7.3;4.4 and up
FN Cam;PHOTOGRAPHY;34;181;10M;10,000+;Free;0;Everyone;Photography;13.01.2016;1.1.5;4.0.3 and up
Font Studio- Photo Texts Image;PHOTOGRAPHY;42;197295;24M;10,000,000+;Free;0;Everyone;Photography;23.06.2017;4.0.7;4.0 and up
Footej Camera;PHOTOGRAPHY;43;13258;Varies with device;1,000,000+;Free;0;Everyone;Photography;20.06.2018;2.3.0 build 180;5.0 and up
Fotor Photo Editor - Photo Collage & Photo Effects;PHOTOGRAPHY;45;597068;Varies with device;10,000,000+;Free;0;Everyone;Photography;09.07.2018;Varies with device;Varies with device
Free Slideshow Maker & Video Editor;PHOTOGRAPHY;42;162564;11M;10,000,000+;Free;0;Everyone;Photography;05.08.2018;5.2;4.0 and up
FreePrints � Free Photos Delivered;PHOTOGRAPHY;48;109500;37M;1,000,000+;Free;0;Everyone;Photography;02.08.2018;2.18.2;4.1 and up
F-Stop Gallery;PHOTOGRAPHY;42;12726;15M;1,000,000+;Free;0;Everyone;Photography;21.07.2018;4.9.18;4.1 and up
F-Stop Gallery Pro;PHOTOGRAPHY;44;1302;58k;10,000+;Paid;2,67;Everyone;Photography;05.08.2015;3.2;2.2 and up
Garden Photo Frames - Garden Photo Editor;PHOTOGRAPHY;44;1864;13M;500,000+;Free;0;Everyone;Photography;03.05.2018;22.0;4.0.3 and up
Ghost In Photo;PHOTOGRAPHY;39;28429;14M;5,000,000+;Free;0;Teen;Photography;16.03.2018;2.0;2.3 and up
Gold Teeth Photo Editor;PHOTOGRAPHY;28;1022;3.8M;100,000+;Free;0;Everyone;Photography;24.08.2016;2.0;2.3 and up
Google Photos;PHOTOGRAPHY;45;10858556;Varies with device;1,000,000,000+;Free;0;Everyone;Photography;06.08.2018;Varies with device;Varies with device
Google Photos;PHOTOGRAPHY;45;10858538;Varies with device;1,000,000,000+;Free;0;Everyone;Photography;06.08.2018;Varies with device;Varies with device
Google Photos;PHOTOGRAPHY;45;10859051;Varies with device;1,000,000,000+;Free;0;Everyone;Photography;06.08.2018;Varies with device;Varies with device
Google Photos;PHOTOGRAPHY;45;10847682;Varies with device;1,000,000,000+;Free;0;Everyone;Photography;01.08.2018;Varies with device;Varies with device
GoPro (formerly Capture);PHOTOGRAPHY;40;157506;47M;10,000,000+;Free;0;Everyone;Photography;24.05.2018;4.5.2;5.0 and up
Groovebook Photo Books & Gifts;PHOTOGRAPHY;40;21159;36M;500,000+;Free;0;Everyone;Photography;31.01.2018;2.1.9;4.0.3 and up
Guide to Nikon Df;PHOTOGRAPHY;1;1;663k;0,010+;Paid;7,12;Everyone;Photography;18.02.2014;2.0.0;4.0.3 and up
HD Camera;PHOTOGRAPHY;43;49680;8.7M;5,000,000+;Free;0;Everyone;Photography;11.07.2018;1.8.5;4.2 and up
HD Camera - Best Cam with filters & panorama;PHOTOGRAPHY;45;38953;9.7M;5,000,000+;Free;0;Everyone;Photography;26.07.2018;2.2.4;4.2 and up
HD Camera - Quick Snap Photo & Video;PHOTOGRAPHY;45;21841;7.7M;1,000,000+;Free;0;Everyone;Photography;24.07.2018;1.6.4;4.2 and up
HD Camera - silent shutter;PHOTOGRAPHY;40;26530;3.9M;1,000,000+;Free;0;Everyone;Photography;23.07.2018;2.3.5;3.2 and up
HD Camera for Android;PHOTOGRAPHY;41;351254;4M;10,000,000+;Free;0;Everyone;Photography;29.06.2018;4.6.0.0;4.2 and up
HD Camera for Android;PHOTOGRAPHY;41;351255;4M;10,000,000+;Free;0;Everyone;Photography;29.06.2018;4.6.0.0;4.2 and up
HD Camera Pro for Android;PHOTOGRAPHY;41;49211;1.9M;1,000,000+;Free;0;Everyone;Photography;19.01.2017;1.5.5;2.1 and up
HD Camera Ultra;PHOTOGRAPHY;43;462152;1.5M;10,000,000+;Free;0;Everyone;Photography;17.10.2015;2.3.1;Varies with device
High-Speed Camera (GIF,Burst);PHOTOGRAPHY;41;78140;10M;5,000,000+;Free;0;Everyone;Photography;11.02.2018;5.5.2;4.0.3 and up
How Do I Look;PHOTOGRAPHY;27;3032;2.8M;500,000+;Free;0;Everyone;Photography;08.12.2017;1.3;3.0 and up
Huji Cam;PHOTOGRAPHY;44;40289;19M;5,000,000+;Free;0;Everyone;Photography;11.07.2018;2.2;5.0 and up
Hypocam;PHOTOGRAPHY;45;12572;8.5M;1,000,000+;Free;0;Everyone;Photography;14.03.2018;1.31;4.0 and up
i am EB;PHOTOGRAPHY;50;1;5.4M;0,010+;Free;0;Teen;Photography;01.02.2017;1.0;4.1 and up
Insave-Download for Instagram;PHOTOGRAPHY;43;46242;5.2M;1,000,000+;Free;0;Everyone;Photography;20.09.2016;2.1.3;4.0 and up
Insta Square Profile DP;PHOTOGRAPHY;37;42;11M;5,000+;Free;0;Everyone;Photography;01.09.2015;1.0;4.0 and up
InstaBeauty -Makeup Selfie Cam;PHOTOGRAPHY;43;654419;Varies with device;50,000,000+;Free;0;Everyone;Photography;01.02.2018;Varies with device;4.0.3 and up
InstaBeauty -Makeup Selfie Cam;PHOTOGRAPHY;43;654418;Varies with device;50,000,000+;Free;0;Everyone;Photography;01.02.2018;Varies with device;4.0.3 and up
InstaCam - Camera for Selfie;PHOTOGRAPHY;40;15098;10M;1,000,000+;Free;0;Everyone;Photography;03.03.2017;1.43;2.3 and up
InstaSize Photo Filters & Collage Editor;PHOTOGRAPHY;43;811693;50M;50,000,000+;Free;0;Everyone;Photography;02.08.2018;4.0.26;4.4 and up
InstaSize Photo Filters & Collage Editor;PHOTOGRAPHY;43;811714;50M;50,000,000+;Free;0;Everyone;Photography;02.08.2018;4.0.26;4.4 and up
Keepsafe Photo Vault: Hide Private Photos & Videos;PHOTOGRAPHY;46;1656808;Varies with device;50,000,000+;Free;0;Everyone;Photography;31.07.2018;9.14.1;4.4 and up
Kids Photo Frames;PHOTOGRAPHY;46;15700;10M;1,000,000+;Free;0;Everyone;Photography;07.07.2018;2.3;4.0.3 and up
KVAD Camera +: Selfie, Photo Filter, Grids;PHOTOGRAPHY;41;23440;30M;1,000,000+;Free;0;Everyone;Photography;11.07.2018;1.8.2;4.0 and up
LALALAB prints your photos, photobooks and magnets;PHOTOGRAPHY;47;50424;82M;1,000,000+;Free;0;Everyone;Photography;02.08.2018;584;4.1 and up
Lapse It � Time Lapse � Pro;PHOTOGRAPHY;43;12865;6.9M;100,000+;Paid;8,06;Everyone;Photography;06.11.2014;4.70;2.2 and up
LC-DB;PHOTOGRAPHY;30;1;2.5M;0,010+;Paid;0,96;Everyone;Photography;20.10.2017;1.0;4.2 and up
LC-DB-LITE;PHOTOGRAPHY;1;0;2.3M;0,100+;Free;0;Everyone;Photography;20.10.2017;1.0;4.2 and up
Leica CL;PHOTOGRAPHY;26;8;2.4M;1,000+;Free;0;Everyone;Photography;21.11.2017;1.0;4.1 and up
Leica Q;PHOTOGRAPHY;31;133;2.3M;10,000+;Free;0;Everyone;Photography;08.05.2018;1.0.2.1;4.0 and up
Light Meter - EV;PHOTOGRAPHY;40;26;8.5M;1,000+;Free;0;Everyone;Photography;02.08.2018;4.1.1;4.4 and up
LightMeter (noAds);PHOTOGRAPHY;46;617;12M;10,000+;Paid;1,47;Everyone;Photography;22.11.2016;1.5.10.NA;3.2 and up
LightMeter Free;PHOTOGRAPHY;41;5485;13M;1,000,000+;Free;0;Everyone;Photography;28.04.2016;1.2.3;3.2 and up
LightX Photo Editor & Photo Effects;PHOTOGRAPHY;47;259450;17M;10,000,000+;Free;0;Everyone;Photography;24.05.2018;1.0.4;4.1 and up
LINE Camera - Photo editor;PHOTOGRAPHY;43;1517369;Varies with device;100,000,000+;Free;0;Everyone;Photography;06.03.2018;Varies with device;Varies with device
LINE Camera - Photo editor;PHOTOGRAPHY;43;1517395;Varies with device;100,000,000+;Free;0;Everyone;Photography;06.03.2018;Varies with device;Varies with device
Live DV;PHOTOGRAPHY;20;16;17M;1,000+;Free;0;Everyone;Photography;09.05.2018;1.0.6;4.4 and up
love;PHOTOGRAPHY;43;42677;22M;1,000,000+;Free;0;Everyone;Photography;15.06.2018;1.28;4.0.3 and up
Love Collage - Photo Editor;PHOTOGRAPHY;43;251686;31M;10,000,000+;Free;0;Everyone;Photography;28.07.2017;2.3.8.6;4.1 and up
Magical Insta DP;PHOTOGRAPHY;1;2;5.2M;1,000+;Free;0;Everyone;Photography;28.06.2018;1.1;4.0 and up
Makeup Editor -Beauty Photo Editor & Selfie Camera;PHOTOGRAPHY;45;3378;30M;1,000,000+;Free;0;Mature 17+;Photography;25.07.2018;1.7;4.1 and up
Makeup Photo Editor: Makeup Camera & Makeup Editor;PHOTOGRAPHY;44;10525;25M;1,000,000+;Free;0;Everyone;Photography;27.07.2018;8.9.9;4.0 and up
MakeupPlus - Your Own Virtual Makeup Artist;PHOTOGRAPHY;44;758780;53M;50,000,000+;Free;0;Everyone;Photography;03.08.2018;4.0.55;4.0.3 and up
Mega Photo;PHOTOGRAPHY;42;44941;16M;1,000,000+;Free;0;Everyone;Photography;19.10.2016;1.6.2;3.0 and up
Meitu � Beauty Cam, Easy Photo Editor;PHOTOGRAPHY;45;462702;45M;10,000,000+;Free;0;Everyone;Photography;01.08.2018;8.1.0.6;4.3 and up
Mirror Photo:Editor Collage (HD);PHOTOGRAPHY;41;373606;Varies with device;10,000,000+;Free;0;Everyone;Photography;27.03.2018;Varies with device;Varies with device
MIX by Camera360;PHOTOGRAPHY;44;111066;74M;5,000,000+;Free;0;Everyone;Photography;03.08.2018;4.8.7;4.0.3 and up
MomentCam Cartoons & Stickers;PHOTOGRAPHY;42;1260143;Varies with device;50,000,000+;Free;0;Everyone;Photography;12.07.2018;Varies with device;Varies with device
Moony Lab - Print Photos, Books & Magnets �;PHOTOGRAPHY;47;1320;9.5M;50,000+;Free;0;Everyone;Photography;27.06.2018;2.1.9;4.1 and up
Moto Photo Editor;PHOTOGRAPHY;33;3492;17M;5,000,000+;Free;0;Everyone;Photography;14.06.2018;1.5.3.8;7.0 and up
Motorola Camera;PHOTOGRAPHY;36;219745;Varies with device;50,000,000+;Free;0;Everyone;Photography;25.01.2016;Varies with device;Varies with device
Muzy - Share photos & collages;PHOTOGRAPHY;44;70189;13M;5,000,000+;Free;0;Teen;Photography;11.08.2015;4.0.10;4.0 and up
Muzy - Share photos & collages;PHOTOGRAPHY;44;70189;13M;5,000,000+;Free;0;Teen;Photography;11.08.2015;4.0.10;4.0 and up
My Photo Keyboard;PHOTOGRAPHY;43;56114;17M;10,000,000+;Free;0;Everyone;Photography;09.07.2018;2.6;2.3 and up
My Photo Keyboard;PHOTOGRAPHY;41;211620;20M;10,000,000+;Free;0;Everyone;Photography;29.03.2018;7.4;4.0 and up
NewTek NDI;PHOTOGRAPHY;35;77;1.2M;1,000+;Paid;8,23;Everyone;Photography;26.10.2016;1.1;4.1 and up
Night Camera Blur Effect;PHOTOGRAPHY;36;100;2.5M;10,000+;Free;0;Everyone;Photography;05.08.2018;4.2;4.2 and up
Night Photo Frame;PHOTOGRAPHY;45;4400;8.3M;1,000,000+;Free;0;Everyone;Photography;28.07.2018;2.0.1;4.0.3 and up
No Crop & Square for Instagram;PHOTOGRAPHY;46;819774;25M;10,000,000+;Free;0;Everyone;Photography;26.06.2018;4.2.3;4.0 and up
No Crop & Square for Instagram;PHOTOGRAPHY;46;819694;25M;10,000,000+;Free;0;Everyone;Photography;26.06.2018;4.2.3;4.0 and up
Open Camera;PHOTOGRAPHY;43;116880;2M;10,000,000+;Free;0;Everyone;Photography;23.04.2018;1.43.3;4.0.3 and up
Open Camera;PHOTOGRAPHY;43;116880;2M;10,000,000+;Free;0;Everyone;Photography;23.04.2018;1.43.3;4.0.3 and up
Open Camera;PHOTOGRAPHY;43;116769;2M;10,000,000+;Free;0;Everyone;Photography;23.04.2018;1.43.3;4.0.3 and up
Pencil Photo Sketch-Sketching Drawing Photo Editor;PHOTOGRAPHY;44;16523;Varies with device;1,000,000+;Free;0;Everyone;Photography;30.07.2018;1.2.31;4.1 and up
Phogy, 3D Camera;PHOTOGRAPHY;40;35724;9.9M;1,000,000+;Free;0;Everyone;Photography;11.02.2015;1.40;4.0 and up
Phogy, 3D Camera;PHOTOGRAPHY;40;35725;9.9M;1,000,000+;Free;0;Everyone;Photography;11.02.2015;1.40;4.0 and up
Phonto - Text on Photos;PHOTOGRAPHY;43;307453;17M;10,000,000+;Free;0;Everyone;Photography;26.10.2017;1.7.16;4.0.3 and up
Photo BG Changer;PHOTOGRAPHY;38;11;17M;1,000+;Free;0;Everyone;Photography;21.02.2018;1.3;4.1 and up
Photo Collage - InstaMag;PHOTOGRAPHY;43;542561;46M;10,000,000+;Free;0;Everyone;Photography;02.01.2018;4.7.0;4.0 and up
Photo Collage - Layout Editor;PHOTOGRAPHY;45;285788;46M;10,000,000+;Free;0;Everyone;Photography;04.12.2017;1.8.0.170824_9;5.0 - 8.0
Photo Collage Editor;PHOTOGRAPHY;42;1028637;Varies with device;100,000,000+;Free;0;Everyone;Photography;21.12.2017;Varies with device;Varies with device
Photo Collage Maker;PHOTOGRAPHY;43;751766;Varies with device;10,000,000+;Free;0;Everyone;Photography;10.05.2018;Varies with device;Varies with device
Photo Editor;PHOTOGRAPHY;43;42079;17M;1,000,000+;Free;0;Everyone;Photography;24.09.2015;Varies with device;4.0.3 and up
Photo Editor;PHOTOGRAPHY;41;114680;27M;10,000,000+;Free;0;Everyone;Photography;15.02.2018;1.38;4.1 and up
Photo Editor-;PHOTOGRAPHY;43;68070;Varies with device;5,000,000+;Free;0;Everyone;Photography;05.05.2018;Varies with device;Varies with device
Photo Editor-;PHOTOGRAPHY;43;68071;Varies with device;5,000,000+;Free;0;Everyone;Photography;05.05.2018;Varies with device;Varies with device
Photo Editor - BPhoto;PHOTOGRAPHY;45;42;20M;1,000+;Free;0;Everyone;Photography;17.09.2016;1.2;4.2 and up
Photo Editor by Aviary;PHOTOGRAPHY;44;1490732;21M;50,000,000+;Free;0;Everyone;Photography;19.07.2018;4.8.4;4.1 and up
Photo Editor by Aviary;PHOTOGRAPHY;44;1490722;21M;50,000,000+;Free;0;Everyone;Photography;19.07.2018;4.8.4;4.1 and up
Photo Editor by BeFunky;PHOTOGRAPHY;45;192851;Varies with device;10,000,000+;Free;0;Everyone;Photography;12.09.2017;Varies with device;Varies with device
Photo Editor Collage Maker Pro;PHOTOGRAPHY;45;1519671;Varies with device;100,000,000+;Free;0;Everyone;Photography;01.02.2018;Varies with device;Varies with device
Photo Editor Pro;PHOTOGRAPHY;43;1871416;Varies with device;100,000,000+;Free;0;Everyone;Photography;21.12.2017;Varies with device;Varies with device
Photo Editor Pro;PHOTOGRAPHY;43;1871421;Varies with device;100,000,000+;Free;0;Everyone;Photography;21.12.2017;Varies with device;Varies with device
Photo Editor Selfie Camera Filter & Mirror Image;PHOTOGRAPHY;43;527247;Varies with device;50,000,000+;Free;0;Everyone;Photography;01.02.2018;1.6.1;Varies with device
Photo Editor Selfie Camera Filter & Mirror Image;PHOTOGRAPHY;43;527248;Varies with device;50,000,000+;Free;0;Everyone;Photography;01.02.2018;1.6.1;Varies with device
Photo Effects Pro;PHOTOGRAPHY;44;1494491;21M;50,000,000+;Free;0;Everyone;Photography;21.03.2017;3.3.8;3.1 and up
Photo frame;PHOTOGRAPHY;45;859;21M;100,000+;Free;0;Everyone;Photography;18.07.2018;1.5.1;4.0.3 and up
Photo Frame;PHOTOGRAPHY;45;74476;23M;10,000,000+;Free;0;Everyone;Photography;19.06.2018;1.6;4.0 and up
Photo Frames;PHOTOGRAPHY;43;28578;23M;10,000,000+;Free;0;Everyone;Photography;28.07.2018;6.21;4.0 and up
Photo Lab Picture Editor: face effects, art frames;PHOTOGRAPHY;45;1536512;Varies with device;50,000,000+;Free;0;Everyone;Photography;17.07.2018;Varies with device;Varies with device
Photo Mixer;PHOTOGRAPHY;39;55427;6.6M;10,000,000+;Free;0;Everyone;Photography;25.03.2016;5.1;2.3.3 and up
Photo Studio;PHOTOGRAPHY;42;477831;51M;10,000,000+;Free;0;Everyone;Photography;28.07.2018;2.0.17.9;4.0 and up
PhotoDirector Photo Editor App;PHOTOGRAPHY;46;714340;Varies with device;10,000,000+;Free;0;Everyone;Photography;28.07.2018;Varies with device;Varies with device
PhotoFrame for Synology DS;PHOTOGRAPHY;40;1;2.6M;0,010+;Paid;9,74;Everyone;Photography;02.02.2017;1.5;4.0 and up
PhotoFunia;PHOTOGRAPHY;43;316378;4.4M;10,000,000+;Free;0;Everyone;Photography;03.06.2017;4.0.7.0;2.3 and up
PhotoGrid: Video & Pic Collage Maker, Photo Editor;PHOTOGRAPHY;46;7529865;Varies with device;100,000,000+;Free;0;Everyone;Photography;06.08.2018;6.71;Varies with device
PhotoLayers?Superimpose,Eraser;PHOTOGRAPHY;45;81219;2.6M;10,000,000+;Free;0;Everyone;Photography;14.06.2015;1.4.0;4.1 and up
PhotoScan by Google Photos;PHOTOGRAPHY;43;61990;Varies with device;10,000,000+;Free;0;Everyone;Photography;09.02.2018;1.5.1.182070924;5.0 and up
PhotoWonder: Pro Beauty Photo Editor Collage Maker;PHOTOGRAPHY;44;852649;43M;50,000,000+;Free;0;Teen;Photography;26.06.2018;4.1.0.1;4.2 and up
Pic Collage - Photo Editor;PHOTOGRAPHY;46;1451000;Varies with device;50,000,000+;Free;0;Everyone;Photography;19.07.2018;Varies with device;Varies with device
Pic Stitch - #1 Collage Maker;PHOTOGRAPHY;42;15426;50M;1,000,000+;Free;0;Everyone;Photography;24.07.2018;3.8.3;5.1 and up
Picai - Smart AI Camera;PHOTOGRAPHY;40;529;Varies with device;100,000+;Free;0;Everyone;Photography;17.07.2018;1.2.3;6.0 and up
PicsArt Photo Studio: Collage Maker & Pic Editor;PHOTOGRAPHY;45;7594559;34M;100,000,000+;Free;0;Teen;Photography;06.08.2018;9.40.3;4.0.3 and up
PicsArt Photo Studio: Collage Maker & Pic Editor;PHOTOGRAPHY;45;7590099;34M;100,000,000+;Free;0;Teen;Photography;31.07.2018;9.40.3;4.0.3 and up
Picture Grid Builder;PHOTOGRAPHY;40;33439;3.9M;5,000,000+;Free;0;Everyone;Photography;18.07.2016;3.2;2.3.3 and up
PIP Selfie Camera Photo Editor;PHOTOGRAPHY;44;156322;Varies with device;10,000,000+;Free;0;Everyone;Photography;01.02.2018;Varies with device;Varies with device
PIP-Camera FN Photo Effect;PHOTOGRAPHY;46;8;9M;1,000+;Free;0;Everyone;Photography;04.12.2016;1.0;2.3 and up
PixelLab - Text on pictures;PHOTOGRAPHY;46;108002;Varies with device;10,000,000+;Free;0;Everyone;Photography;26.07.2018;Varies with device;Varies with device
Pixgram- video photo slideshow;PHOTOGRAPHY;42;93726;9.2M;5,000,000+;Free;0;Everyone;Photography;08.07.2018;2.0.18;4.3 and up
Pixlr � Free Photo Editor;PHOTOGRAPHY;44;1163232;31M;50,000,000+;Free;0;Everyone;Photography;20.07.2018;3.4.0;4.0.3 and up
Pixlr-o-matic;PHOTOGRAPHY;45;180697;6.1M;10,000,000+;Free;0;Everyone;Photography;25.04.2017;2.2.5;2.1 and up
Pocket AC;PHOTOGRAPHY;48;130;4.4M;1,000+;Paid;8,69;Everyone;Photography;27.06.2018;3.1.1;4.1 and up
Pretty Makeup, Beauty Photo Editor & Snappy Camera;PHOTOGRAPHY;45;26361;29M;5,000,000+;Free;0;Everyone;Photography;25.07.2018;5.3;4.1 and up
Profile w/o crop for Telegram;PHOTOGRAPHY;42;348;1.5M;10,000+;Free;0;Everyone;Photography;11.04.2014;3.1.50;2.3.3 and up
QuickPic - Photo Gallery with Google Drive Support;PHOTOGRAPHY;46;847159;4.2M;10,000,000+;Free;0;Everyone;Photography;10.11.2017;4.7.4;4.0 and up
QuickPic - Photo Gallery with Google Drive Support;PHOTOGRAPHY;46;847159;4.2M;10,000,000+;Free;0;Everyone;Photography;10.11.2017;4.7.4;4.0 and up
QuickPic - Photo Gallery with Google Drive Support;PHOTOGRAPHY;46;847144;4.2M;10,000,000+;Free;0;Everyone;Photography;10.11.2017;4.7.4;4.0 and up
Retrica;PHOTOGRAPHY;43;6120977;Varies with device;100,000,000+;Free;0;Everyone;Photography;28.06.2018;6.1.0;Varies with device
Retro Camera;PHOTOGRAPHY;40;125616;Varies with device;10,000,000+;Free;0;Everyone;Photography;10.03.2017;Varies with device;2.3.3 and up
RetroSelfie - Selfie Editor;PHOTOGRAPHY;41;106080;35M;10,000,000+;Free;0;Everyone;Photography;27.06.2018;6.1.6;4.1 and up
S Photo Editor - Collage Maker , Photo Collage;PHOTOGRAPHY;44;972574;45M;100,000,000+;Free;0;Everyone;Photography;03.08.2018;2.31;4.1 and up
Samsung SMART CAMERA App;PHOTOGRAPHY;40;34753;22M;1,000,000+;Free;0;Everyone;Photography;03.07.2018;1.4.0_180703;4.2 and up
Scoompa Video - Slideshow Maker and Video Editor;PHOTOGRAPHY;45;559931;Varies with device;10,000,000+;Free;0;Everyone;Photography;10.05.2018;Varies with device;Varies with device
Selfie Camera - Photo Editor & Filter & Sticker;PHOTOGRAPHY;42;401820;Varies with device;50,000,000+;Free;0;Everyone;Photography;27.04.2018;Varies with device;Varies with device
Selfie Camera: Beauty Camera, Photo Editor,Collage;PHOTOGRAPHY;47;31985;9.1M;1,000,000+;Free;0;Everyone;Photography;06.08.2018;1.7.14;4.2 and up
Selfie Photo Editor;PHOTOGRAPHY;46;11677;19M;1,000,000+;Free;0;Everyone;Photography;05.07.2018;1.0.3;4.4 and up
Selfie With Champion AJ Style;PHOTOGRAPHY;50;2;7.5M;0,500+;Free;0;Everyone;Photography;08.01.2018;1.0;3.2 and up
Shutterfly: Free Prints, Photo Books, Cards, Gifts;PHOTOGRAPHY;46;98716;59M;5,000,000+;Free;0;Everyone;Photography;01.08.2018;5.13.1;5.0 and up
Shutterfly: Free Prints, Photo Books, Cards, Gifts;PHOTOGRAPHY;46;98716;59M;5,000,000+;Free;0;Everyone;Photography;01.08.2018;5.13.1;5.0 and up
Shutterfly: Free Prints, Photo Books, Cards, Gifts;PHOTOGRAPHY;46;98716;59M;5,000,000+;Free;0;Everyone;Photography;01.08.2018;5.13.1;5.0 and up
Shutterfly: Free Prints, Photo Books, Cards, Gifts;PHOTOGRAPHY;46;98717;59M;5,000,000+;Free;0;Everyone;Photography;01.08.2018;5.13.1;5.0 and up
Silent Camera [High Quality];PHOTOGRAPHY;44;47090;Varies with device;5,000,000+;Free;0;Everyone;Photography;28.07.2018;Varies with device;Varies with device
Six Pack Abs Photo Editor;PHOTOGRAPHY;40;5967;17M;1,000,000+;Free;0;Everyone;Photography;02.02.2017;2.0;3.0 and up
Snap Cat Face Camera;PHOTOGRAPHY;40;5855;4.9M;1,000,000+;Free;0;Everyone;Photography;12.07.2018;1.6;2.3 and up
Snapfish;PHOTOGRAPHY;41;32398;28M;1,000,000+;Free;0;Everyone;Photography;01.08.2018;9.6.4;4.4 and up
Snapseed;PHOTOGRAPHY;45;823109;Varies with device;50,000,000+;Free;0;Everyone;Photography;29.06.2018;2.19.0.201907232;4.4 and up
SNOW - AR Camera;PHOTOGRAPHY;43;1017237;Varies with device;50,000,000+;Free;0;Everyone;Photography;30.07.2018;7.6.5;4.3 and up
SportLook;PHOTOGRAPHY;25;1283;8.2M;100,000+;Free;0;Everyone;Photography;21.06.2018;1.2.7;4.1 and up
Square DP For Whatsapp;PHOTOGRAPHY;42;67;15M;10,000+;Free;0;Everyone;Photography;29.03.2017;1.0;4.0.3 and up
Square InPic - Photo Editor & Collage Maker;PHOTOGRAPHY;44;635846;14M;50,000,000+;Free;0;Everyone;Photography;23.05.2018;4.2.14;4.0 and up
Story Saver for Instagram;PHOTOGRAPHY;45;41331;5M;5,000,000+;Free;0;Everyone;Photography;31.07.2018;1.4.4;4.0.3 and up
SuperPhoto - Effects & Filters;PHOTOGRAPHY;41;43296;Varies with device;5,000,000+;Free;0;Everyone;Photography;20.09.2017;Varies with device;Varies with device
Sweet Camera;PHOTOGRAPHY;44;71898;23M;5,000,000+;Free;0;Everyone;Photography;10.10.2017;6.1.7.100920;4.0.3 and up
Sweet Camera - Selfie Filters, Beauty Camera;PHOTOGRAPHY;47;233039;24M;10,000,000+;Free;0;Everyone;Photography;28.07.2018;1.5.3;4.4 and up
Sweet Selfie - selfie camera, beauty cam, photo edit;PHOTOGRAPHY;46;1159058;25M;100,000,000+;Free;0;Everyone;Photography;03.08.2018;2.73.672;4.0.3 and up
Sweet Snap - live filter, Selfie photo edit;PHOTOGRAPHY;45;123029;Varies with device;10,000,000+;Free;0;Everyone;Photography;02.08.2018;Varies with device;4.0.3 and up
Sweet Snap Lite - live filter, Selfie photo editor;PHOTOGRAPHY;45;3116;22M;500,000+;Free;0;Everyone;Photography;03.08.2018;2.15.180;4.0.3 and up
Thumbnail Maker;PHOTOGRAPHY;44;26252;24M;1,000,000+;Free;0;Everyone;Photography;26.05.2018;1.7;4.2 and up
Touch DV;PHOTOGRAPHY;1;1;11M;0,050+;Free;0;Everyone;Photography;07.07.2017;10.4;4.2 and up
TouchNote: Cards & Gifts;PHOTOGRAPHY;41;19232;28M;1,000,000+;Free;0;Everyone;Photography;06.08.2018;7.4.2;4.4 and up
U Camera : Phone 6s OS 9 style;PHOTOGRAPHY;42;2158;3M;500,000+;Free;0;Everyone;Photography;28.08.2017;1.0.3;4.0 and up
Ultimate Background Eraser;PHOTOGRAPHY;43;14453;21M;1,000,000+;Free;0;Everyone;Photography;13.03.2018;1.9;4.1 and up
Unicorn Photo;PHOTOGRAPHY;37;3362;Varies with device;1,000,000+;Free;0;Everyone;Photography;22.05.2018;Varies with device;4.0 and up
V.360� Camera;PHOTOGRAPHY;33;582;28M;100,000+;Free;0;Everyone;Photography;11.09.2015;1.1.6;4.4 and up
Video Editor Music,Cut,No Crop;PHOTOGRAPHY;47;2163282;Varies with device;50,000,000+;Free;0;Everyone;Photography;10.07.2018;Varies with device;Varies with device
Video Maker with Photo and Music;PHOTOGRAPHY;43;4871;30M;1,000,000+;Free;0;Everyone;Photography;19.03.2018;1.0.2;4.1 and up
Visage Lab � face retouch;PHOTOGRAPHY;35;49523;Varies with device;5,000,000+;Free;0;Everyone;Photography;05.10.2016;Varies with device;Varies with device
VSCO;PHOTOGRAPHY;44;753115;Varies with device;50,000,000+;Free;0;Everyone;Photography;03.08.2018;71;4.4 and up
Wallpaper.cz;PHOTOGRAPHY;49;7;2.2M;0,100+;Free;0;Everyone;Photography;11.07.2015;1.2.0;3.0 and up
Waterfall Photo Frames;PHOTOGRAPHY;45;10349;11M;1,000,000+;Free;0;Everyone;Photography;29.07.2017;1.6.0;2.3 and up
Wifi Action Camera;PHOTOGRAPHY;29;118;26M;50,000+;Free;0;Everyone;Photography;24.07.2018;1.3.5;4.0 and up
Wondershare PowerCam;PHOTOGRAPHY;42;329160;27M;10,000,000+;Free;0;Everyone;Photography;29.05.2018;3.1.8.180529;2.3 and up
XDV;PHOTOGRAPHY;31;6827;8.7M;1,000,000+;Free;0;Everyone;Photography;20.04.2018;1.9.5;2.3 and up
YouCam Makeup - Magic Selfie Makeovers;PHOTOGRAPHY;46;3337956;Varies with device;100,000,000+;Free;0;Everyone;Photography;06.08.2018;Varies with device;Varies with device
YouCam Makeup - Magic Selfie Makeovers;PHOTOGRAPHY;46;3337952;Varies with device;100,000,000+;Free;0;Everyone;Photography;06.08.2018;Varies with device;Varies with device
YouCam Perfect - Selfie Photo Editor;PHOTOGRAPHY;45;1579287;Varies with device;100,000,000+;Free;0;Everyone;Photography;25.07.2018;Varies with device;Varies with device
YouCam Perfect - Selfie Photo Editor;PHOTOGRAPHY;45;1579287;Varies with device;100,000,000+;Free;0;Everyone;Photography;25.07.2018;Varies with device;Varies with device
YouCam Perfect - Selfie Photo Editor;PHOTOGRAPHY;45;1579343;Varies with device;100,000,000+;Free;0;Everyone;Photography;25.07.2018;Varies with device;Varies with device
Z Camera;PHOTOGRAPHY;38;142;7.7M;10,000+;Free;0;Everyone;Photography;08.04.2016;1.8;4.0 and up
Z Camera - Photo Editor, Beauty Selfie, Collage;PHOTOGRAPHY;44;1075277;47M;100,000,000+;Free;0;Mature 17+;Photography;03.08.2018;4.21;4.1 and up
Z Camera - Photo Editor, Beauty Selfie, Collage;PHOTOGRAPHY;44;1075016;47M;100,000,000+;Free;0;Mature 17+;Photography;03.08.2018;4.21;4.1 and up
AccuWeather: Daily Forecast & Live Weather Reports;WEATHER;44;2053404;Varies with device;50,000,000+;Free;0;Everyone;Weather;06.08.2018;Varies with device;Varies with device
AccuWeather: Daily Forecast & Live Weather Reports;WEATHER;44;2052407;Varies with device;50,000,000+;Free;0;Everyone;Weather;02.08.2018;Varies with device;Varies with device
AEMET's time;WEATHER;38;15966;9.2M;1,000,000+;Free;0;Everyone;Weather;17.07.2017;2.0;2.3 and up
Ag Weather Tools;WEATHER;1;0;4.6M;0,500+;Free;0;Everyone;Weather;09.01.2018;1.0.1;5.0 and up
Amber Weather;WEATHER;44;260137;13M;10,000,000+;Free;0;Everyone 10+;Weather;16.07.2018;3.8.1;4.1 and up
APE Weather ( Live Forecast);WEATHER;43;20008;9.1M;5,000,000+;Free;0;Everyone;Weather;03.07.2018;7.1.34.28;5.0 and up
Au Weather Free;WEATHER;40;1185;5M;100,000+;Free;0;Everyone;Weather;18.06.2018;2.47.2;2.3 and up
ByssWeather for Wear OS;WEATHER;42;19666;Varies with device;1,000,000+;Free;0;Everyone;Weather;11.04.2018;Varies with device;Varies with device
Clearwater, FL - weather and more;WEATHER;1;0;3.9M;0,010+;Free;0;Everyone;Weather;12.04.2018;1.0;5.0 and up
Climatempo Lite - 15 day weather forecast;WEATHER;40;634;Varies with device;100,000+;Free;0;Everyone;Weather;15.06.2018;1.0.34;4.1 and up
DS Barometer - Altimeter and Weather Information;WEATHER;39;2962;4.2M;100,000+;Free;0;Everyone;Weather;09.07.2018;3.67;2.3.3 and up
DS Thermometer;WEATHER;37;631;3M;100,000+;Free;0;Everyone;Weather;30.05.2015;2.20;2.3 and up
EZ Clock & Weather Widget;WEATHER;42;6849;1.2M;1,000,000+;Free;0;Everyone;Weather;05.03.2014;v1.9.6 beta 1;2.1 and up
Florida Storms;WEATHER;38;116;36M;10,000+;Free;0;Everyone;Weather;26.12.2017;2.0.11;4.4 and up
Florida Tides & Weather;WEATHER;38;30;2M;1,000+;Paid;7,55;Everyone;Weather;06.05.2015;2.0.0;2.3 and up
ForecaWeather;WEATHER;42;18425;5.3M;1,000,000+;Free;0;Everyone;Weather;29.07.2017;3.1.7;4.1 and up
FR Tides;WEATHER;38;1195;582k;100,000+;Free;0;Everyone;Weather;16.02.2014;6.0;2.1 and up
Free live weather on screen;WEATHER;44;15370;21M;1,000,000+;Free;0;Everyone;Weather;02.08.2018;12.2.6.3660;4.1 and up
Fu*** Weather (Funny Weather);WEATHER;47;20001;Varies with device;1,000,000+;Free;0;Mature 17+;Weather;26.07.2018;Varies with device;Varies with device
GO Weather - Widget, Theme, Wallpaper, Efficient;WEATHER;45;1422858;Varies with device;50,000,000+;Free;0;Everyone;Weather;03.08.2018;Varies with device;Varies with device
GO Weather EX Theme White;WEATHER;42;8723;4.6M;500,000+;Free;0;Everyone;Weather;27.08.2014;1.0;2.2 and up
HTC Weather;WEATHER;39;22154;Varies with device;10,000,000+;Free;0;Everyone;Weather;10.08.2017;8.50.935520;4.4 and up
HumorCast - Authentic Weather;WEATHER;44;6495;40M;100,000+;Free;0;Teen;Weather;12.07.2018;4.4.4;4.4 and up
Info BMKG;WEATHER;43;21404;7.6M;1,000,000+;Free;0;Everyone;Weather;15.06.2017;2.2;4.4 and up
Klara weather;WEATHER;46;36900;4.8M;500,000+;Free;0;Everyone;Weather;28.07.2018;1.3.6;4.0 and up
Klart.se - Sweden's best weather;WEATHER;36;7623;19M;1,000,000+;Free;0;Everyone;Weather;11.07.2018;3.18.5;4.4 and up
Live Weather & Daily Local Weather Forecast;WEATHER;45;13426;19M;1,000,000+;Free;0;Everyone;Weather;17.07.2018;9.9.1.1910;4.1 and up
Live Weather Pro;WEATHER;48;892;17M;10,000+;Free;0;Everyone;Weather;17.07.2018;1.1;4.4 and up
Local weather Forecast;WEATHER;44;5482;12M;1,000,000+;Free;0;Everyone;Weather;07.08.2018;2.42;4.0.3 and up
Local Weather Forecast & Visual Widget;WEATHER;45;3478;6.1M;500,000+;Free;0;Everyone;Weather;02.08.2018;2.9.10;4.2 and up
M�t�o Alg�rie DZ;WEATHER;41;1238;4.7M;100,000+;Free;0;Everyone;Weather;17.12.2014;1.1.6;2.3 and up
METEO FRANCE;WEATHER;39;100994;54M;5,000,000+;Free;0;Everyone;Weather;13.07.2018;5.9.7;4.1 and up
M�t�ociel;WEATHER;45;29344;22M;500,000+;Free;0;Everyone;Weather;25.07.2018;4.1.11 - Hegoa;4.1 and up
MIUI Style GO Weather EX;WEATHER;42;2115;1.1M;500,000+;Free;0;Everyone;Weather;04.07.2014;1.3;1.6 and up
Moonlight GO Weather EX;WEATHER;42;11510;3.5M;1,000,000+;Free;0;Everyone;Weather;28.08.2014;1.4;2.2 and up
My Earthquake Alerts - US & Worldwide Earthquakes;WEATHER;44;3471;Varies with device;100,000+;Free;0;Everyone;Weather;24.07.2018;Varies with device;Varies with device
MyRadar NOAA Weather Radar;WEATHER;45;178934;Varies with device;10,000,000+;Free;0;Everyone;Weather;04.08.2018;Varies with device;Varies with device
MyRadar NOAA Weather Radar Ad Free;WEATHER;45;3005;26M;10,000+;Paid;7,08;Everyone;Weather;04.08.2018;7.1.4;4.0.3 and up
New 2018 Weather App & Widget;WEATHER;45;2332;20M;500,000+;Free;0;Teen;Weather;03.08.2018;12.2.7.3671;4.1 and up
RadarNow!;WEATHER;45;54090;4M;5,000,000+;Free;0;Everyone;Weather;28.02.2018;6.6;4.0 and up
Rainfall radar - weather;WEATHER;37;26941;Varies with device;5,000,000+;Free;0;Everyone;Weather;13.07.2018;Varies with device;Varies with device
Real time Weather Forecast;WEATHER;44;4184;10M;1,000,000+;Free;0;Everyone;Weather;26.03.2018;7.1.12.12;5.0 and up
Skywatch BL;WEATHER;1;15;10M;1,000+;Free;0;Everyone;Weather;20.02.2017;1.1.6;4.4 and up
SMHI Weather;WEATHER;35;11297;Varies with device;1,000,000+;Free;0;Everyone;Weather;26.06.2018;Varies with device;Varies with device
St. Petersburg, FL - weather and more;WEATHER;1;0;3.9M;0,010+;Free;0;Everyone;Weather;13.04.2018;1.0;5.0 and up
Storm Radar: Tornado Tracker & Hurricane Alerts;WEATHER;46;89868;Varies with device;1,000,000+;Free;0;Everyone;Weather;12.06.2018;Varies with device;Varies with device
Storm Shield;WEATHER;35;2000;14M;100,000+;Free;0;Everyone;Weather;31.07.2018;4.1.12;5.0 and up
Sun & Moon AR Locator;WEATHER;33;115;5.1M;10,000+;Free;0;Everyone;Weather;23.02.2017;1.4;4.1 and up
The Weather Channel: Rain Forecast & Storm Alerts;WEATHER;44;1558437;Varies with device;50,000,000+;Free;0;Everyone;Weather;01.08.2018;Varies with device;Varies with device
The Weather Network;WEATHER;39;135337;Varies with device;5,000,000+;Free;0;Everyone;Weather;06.08.2018;Varies with device;Varies with device
W - Weather Forecast & Animated Radar Maps;WEATHER;42;29;3.5M;5,000+;Free;0;Everyone;Weather;23.04.2018;1.1;4.1 and up
W Pro - Weather Forecast & Animated Weather Maps;WEATHER;38;11;2.9M;0,500+;Paid;0,14;Everyone;Weather;23.04.2018;1.0;4.1 and up
Weather;WEATHER;42;18773;12M;10,000,000+;Free;0;Everyone;Weather;24.05.2018;1.3.A.2.9;4.4 and up
weather - weather forecast;WEATHER;47;11118;9.7M;1,000,000+;Free;0;Everyone;Weather;26.04.2018;30;4.0 and up
Weather & Clock Widget for Android;WEATHER;44;2371543;11M;50,000,000+;Free;0;Everyone;Weather;04.06.2018;5.9.4.0;4.0.3 and up
Weather & Radar Pro - Ad-Free;WEATHER;45;25243;26M;100,000+;Paid;0,27;Everyone;Weather;01.08.2018;4.34.0;4.4 and up
Weather 14 Days;WEATHER;44;279917;Varies with device;10,000,000+;Free;0;Everyone;Weather;18.07.2018;Varies with device;Varies with device
Weather by eltiempo.es;WEATHER;42;67772;Varies with device;5,000,000+;Free;0;Everyone;Weather;02.08.2018;Varies with device;Varies with device
Weather by eltiempo.es;WEATHER;42;67854;Varies with device;5,000,000+;Free;0;Everyone;Weather;02.08.2018;Varies with device;Varies with device
Weather by WeatherBug: Forecast, Radar & Alerts;WEATHER;45;981995;Varies with device;10,000,000+;Free;0;Everyone;Weather;07.06.2018;Varies with device;Varies with device
Weather BZ;WEATHER;44;8433;5.6M;100,000+;Free;0;Everyone;Weather;06.06.2018;5.0.1 build 1;4.0 and up
Weather Crave;WEATHER;42;133338;44M;5,000,000+;Free;0;Everyone;Weather;26.06.2018;6.1.3;4.1 and up
Weather Data CH;WEATHER;1;15;Varies with device;0,500+;Paid;9;Everyone;Weather;09.08.2016;Varies with device;Varies with device
Weather forecast;WEATHER;48;159455;10M;1,000,000+;Free;0;Everyone;Weather;08.05.2018;1.11.93;4.4 and up
Weather Forecast Pro;WEATHER;47;14051;8.7M;100,000+;Paid;5,93;Everyone;Weather;04.08.2018;8.5;4.0 and up
Weather From DMI/YR;WEATHER;43;2143;Varies with device;100,000+;Free;0;Everyone;Weather;31.07.2018;Varies with device;Varies with device
Weather Live;WEATHER;45;76593;Varies with device;500,000+;Paid;5,65;Everyone;Weather;21.11.2017;Varies with device;Varies with device
Weather Live Pro;WEATHER;48;17493;11M;100,000+;Paid;5,71;Everyone;Weather;20.04.2018;1.3;4.4 and up
Weather Radar Widget;WEATHER;43;18194;3.2M;1,000,000+;Free;0;Everyone;Weather;28.06.2017;1.7.7;3.0 and up
Weather �Simple weather forecast;WEATHER;44;40606;15M;10,000,000+;Free;0;Everyone;Weather;05.08.2018;v7.0.02.3.0516.1_06_0713;5.0 and up
WeatherClear - Ad-free Weather, Minute forecast;WEATHER;45;3252;3.8M;50,000+;Free;0;Everyone;Weather;25.06.2017;1.2.6;4.1 and up
WebCams;WEATHER;46;3963;23M;100,000+;Free;0;Everyone;Weather;17.07.2018;5.2.11;4.2 and up
Wetter by t-online.de;WEATHER;42;24349;9.2M;1,000,000+;Free;0;Everyone;Weather;14.05.2018;1.8.4.5;4.1 and up
wetter.com - Weather and Radar;WEATHER;42;189313;38M;10,000,000+;Free;0;Everyone;Weather;06.08.2018;Varies with device;Varies with device
wetter.com - Weather and Radar;WEATHER;42;189310;38M;10,000,000+;Free;0;Everyone;Weather;06.08.2018;Varies with device;Varies with device
Wind & Weather Meter for Ag;WEATHER;1;3;14M;1,000+;Free;0;Everyone;Weather;14.03.2016;v1.0;4.3 and up
Windguru Lite;WEATHER;40;9307;5M;1,000,000+;Free;0;Everyone;Weather;09.01.2018;2.0.8;4.4 and up
World Webcams;WEATHER;37;7896;Varies with device;1,000,000+;Free;0;Everyone;Weather;25.11.2013;1.6;Varies with device
WSVN � South Florida's Source for Weather;WEATHER;1;7;28M;1,000+;Free;0;Everyone;Weather;21.06.2018;4.6.1404;4.4 and up
Yahoo Weather;WEATHER;44;1312037;Varies with device;10,000,000+;Free;0;Everyone;Weather;01.08.2018;Varies with device;Varies with device
Yahoo! Weather for SH Forecast for understanding the approach of rain clouds Free;WEATHER;42;7457;Varies with device;1,000,000+;Free;0;Everyone;Weather;02.08.2018;Varies with device;Varies with device
Yandex.Weather;WEATHER;45;309617;Varies with device;10,000,000+;Free;0;Everyone;Weather;23.07.2018;Varies with device;Varies with device
